locode,port_name,year,month,delay_prob,delay_days_pred,risk_score,risk_label
CNSHA,Shanghai,2020,1,0.2818,1.489,8.5,green
CNSHA,Shanghai,2020,2,0.2591,1.272,3.5,green
CNSHA,Shanghai,2020,3,0.2573,1.291,3.8,green
CNSHA,Shanghai,2020,4,0.4136,1.339,9.7,green
CNSHA,Shanghai,2020,5,0.4369,1.328,10.6,green
CNSHA,Shanghai,2020,6,0.4193,1.313,10.0,green
CNSHA,Shanghai,2020,7,0.403,1.336,9.2,green
CNSHA,Shanghai,2020,8,0.3648,1.336,7.5,green
CNSHA,Shanghai,2020,9,0.3958,1.328,9.5,green
CNSHA,Shanghai,2020,10,0.2968,1.257,5.0,green
CNSHA,Shanghai,2020,11,0.303,1.251,4.9,green
CNSHA,Shanghai,2020,12,0.256,1.243,2.6,green
CNSHA,Shanghai,2021,1,0.5488,4.974,30.9,green
CNSHA,Shanghai,2021,2,0.6274,6.125,38.8,amber
CNSHA,Shanghai,2021,3,0.6723,6.4,42.1,amber
CNSHA,Shanghai,2021,4,0.6115,4.326,31.4,green
CNSHA,Shanghai,2021,5,0.6088,3.846,29.5,green
CNSHA,Shanghai,2021,6,0.6044,4.632,31.6,green
CNSHA,Shanghai,2021,7,0.6073,4.079,28.6,green
CNSHA,Shanghai,2021,8,0.6023,4.211,30.6,green
CNSHA,Shanghai,2021,9,0.6027,3.963,29.1,green
CNSHA,Shanghai,2021,10,0.5948,4.68,31.7,green
CNSHA,Shanghai,2021,11,0.5968,4.65,32.0,green
CNSHA,Shanghai,2021,12,0.6471,5.286,37.7,amber
CNSHA,Shanghai,2022,1,0.5907,3.354,29.0,green
CNSHA,Shanghai,2022,2,0.6436,7.503,52.5,amber
CNSHA,Shanghai,2022,3,0.6622,7.579,57.9,amber
CNSHA,Shanghai,2022,4,0.6521,6.303,46.6,amber
CNSHA,Shanghai,2022,5,0.5888,3.811,31.0,green
CNSHA,Shanghai,2022,6,0.5682,3.963,30.2,green
CNSHA,Shanghai,2022,7,0.5567,3.948,29.0,green
CNSHA,Shanghai,2022,8,0.5509,3.846,29.1,green
CNSHA,Shanghai,2022,9,0.5359,3.677,27.8,green
CNSHA,Shanghai,2022,10,0.5637,3.597,29.2,green
CNSHA,Shanghai,2022,11,0.5764,3.472,27.8,green
CNSHA,Shanghai,2022,12,0.5918,4.031,30.5,green
CNSHA,Shanghai,2023,1,0.5477,2.555,22.1,green
CNSHA,Shanghai,2023,2,0.4652,2.852,20.9,green
CNSHA,Shanghai,2023,3,0.4771,2.737,20.1,green
CNSHA,Shanghai,2023,4,0.4832,2.648,20.0,green
CNSHA,Shanghai,2023,5,0.4772,2.563,19.5,green
CNSHA,Shanghai,2023,6,0.4901,2.449,19.6,green
CNSHA,Shanghai,2023,7,0.4793,2.483,19.2,green
CNSHA,Shanghai,2023,8,0.5055,2.475,19.9,green
CNSHA,Shanghai,2023,9,0.445,2.32,16.6,green
CNSHA,Shanghai,2023,10,0.4847,3.191,27.0,green
CNSHA,Shanghai,2023,11,0.4626,3.018,23.3,green
CNSHA,Shanghai,2023,12,0.4958,2.552,21.9,green
CNSHA,Shanghai,2024,1,0.5561,4.88,35.1,amber
CNSHA,Shanghai,2024,2,0.5949,3.659,30.9,green
CNSHA,Shanghai,2024,3,0.5932,3.547,29.6,green
CNSHA,Shanghai,2024,4,0.6066,5.414,39.6,amber
CNSHA,Shanghai,2024,5,0.6033,3.888,31.3,green
CNSHA,Shanghai,2024,6,0.61,4.151,31.8,green
CNSHA,Shanghai,2024,7,0.6253,4.308,32.1,green
CNSHA,Shanghai,2024,8,0.5848,3.949,31.4,green
CNSHA,Shanghai,2024,9,0.5896,3.916,30.9,green
CNSHA,Shanghai,2024,10,0.6009,4.082,32.1,green
CNSHA,Shanghai,2024,11,0.5915,3.987,31.2,green
CNSHA,Shanghai,2024,12,0.6056,3.68,31.2,green
SGSIN,Singapore,2020,1,0.315,1.448,9.7,green
SGSIN,Singapore,2020,2,0.2433,1.327,3.1,green
SGSIN,Singapore,2020,3,0.2393,1.305,3.1,green
SGSIN,Singapore,2020,4,0.4728,1.329,12.1,green
SGSIN,Singapore,2020,5,0.4399,1.365,10.9,green
SGSIN,Singapore,2020,6,0.4319,1.316,10.5,green
SGSIN,Singapore,2020,7,0.4045,1.339,9.2,green
SGSIN,Singapore,2020,8,0.4001,1.34,9.0,green
SGSIN,Singapore,2020,9,0.3864,1.332,9.2,green
SGSIN,Singapore,2020,10,0.2985,1.257,5.0,green
SGSIN,Singapore,2020,11,0.3063,1.243,5.0,green
SGSIN,Singapore,2020,12,0.2908,1.247,4.1,green
SGSIN,Singapore,2021,1,0.4461,2.092,14.6,green
SGSIN,Singapore,2021,2,0.4384,2.159,14.4,green
SGSIN,Singapore,2021,3,0.4585,2.148,15.5,green
SGSIN,Singapore,2021,4,0.4118,1.936,13.1,green
SGSIN,Singapore,2021,5,0.4209,1.628,12.5,green
SGSIN,Singapore,2021,6,0.426,1.788,12.4,green
SGSIN,Singapore,2021,7,0.3699,2.078,10.5,green
SGSIN,Singapore,2021,8,0.3987,1.683,11.6,green
SGSIN,Singapore,2021,9,0.3959,2.035,12.5,green
SGSIN,Singapore,2021,10,0.4008,1.868,13.3,green
SGSIN,Singapore,2021,11,0.4378,1.714,14.7,green
SGSIN,Singapore,2021,12,0.4201,1.844,15.4,green
SGSIN,Singapore,2022,1,0.286,1.757,11.2,green
SGSIN,Singapore,2022,2,0.4391,2.052,22.9,green
SGSIN,Singapore,2022,3,0.5284,2.209,30.7,green
SGSIN,Singapore,2022,4,0.4772,1.829,21.4,green
SGSIN,Singapore,2022,5,0.2853,1.909,11.8,green
SGSIN,Singapore,2022,6,0.3041,1.621,10.7,green
SGSIN,Singapore,2022,7,0.3697,1.484,12.0,green
SGSIN,Singapore,2022,8,0.3392,1.447,11.6,green
SGSIN,Singapore,2022,9,0.3272,1.436,12.2,green
SGSIN,Singapore,2022,10,0.2989,1.418,10.6,green
SGSIN,Singapore,2022,11,0.3152,1.421,10.2,green
SGSIN,Singapore,2022,12,0.2897,1.426,8.4,green
SGSIN,Singapore,2023,1,0.2418,1.307,6.4,green
SGSIN,Singapore,2023,2,0.2514,1.259,7.3,green
SGSIN,Singapore,2023,3,0.2349,1.27,5.8,green
SGSIN,Singapore,2023,4,0.2353,1.238,4.8,green
SGSIN,Singapore,2023,5,0.2382,1.226,5.0,green
SGSIN,Singapore,2023,6,0.2478,1.196,5.4,green
SGSIN,Singapore,2023,7,0.2188,1.173,4.5,green
SGSIN,Singapore,2023,8,0.2418,1.235,5.0,green
SGSIN,Singapore,2023,9,0.2042,1.229,3.7,green
SGSIN,Singapore,2023,10,0.4316,1.322,17.6,green
SGSIN,Singapore,2023,11,0.3714,1.279,13.4,green
SGSIN,Singapore,2023,12,0.4683,1.276,16.8,green
SGSIN,Singapore,2024,1,0.4158,1.999,18.7,green
SGSIN,Singapore,2024,2,0.3927,2.111,17.7,green
SGSIN,Singapore,2024,3,0.4326,2.334,19.4,green
SGSIN,Singapore,2024,4,0.4324,2.211,20.2,green
SGSIN,Singapore,2024,5,0.4191,2.053,16.8,green
SGSIN,Singapore,2024,6,0.4224,1.914,16.0,green
SGSIN,Singapore,2024,7,0.4511,1.883,16.1,green
SGSIN,Singapore,2024,8,0.4113,2.014,17.3,green
SGSIN,Singapore,2024,9,0.4143,1.915,16.6,green
SGSIN,Singapore,2024,10,0.4446,2.063,18.1,green
SGSIN,Singapore,2024,11,0.4474,2.083,18.3,green
SGSIN,Singapore,2024,12,0.4363,2.115,19.0,green
CNNGB,Ningbo-Zhoushan,2020,1,0.2866,1.489,8.7,green
CNNGB,Ningbo-Zhoushan,2020,2,0.2423,1.267,2.8,green
CNNGB,Ningbo-Zhoushan,2020,3,0.2345,1.288,2.8,green
CNNGB,Ningbo-Zhoushan,2020,4,0.4535,1.324,11.3,green
CNNGB,Ningbo-Zhoushan,2020,5,0.3526,1.355,7.3,green
CNNGB,Ningbo-Zhoushan,2020,6,0.3697,1.337,8.0,green
CNNGB,Ningbo-Zhoushan,2020,7,0.3701,1.351,7.9,green
CNNGB,Ningbo-Zhoushan,2020,8,0.3922,1.305,8.5,green
CNNGB,Ningbo-Zhoushan,2020,9,0.3885,1.328,9.2,green
CNNGB,Ningbo-Zhoushan,2020,10,0.2882,1.352,5.0,green
CNNGB,Ningbo-Zhoushan,2020,11,0.3289,1.251,5.9,green
CNNGB,Ningbo-Zhoushan,2020,12,0.3042,1.243,4.6,green
CNNGB,Ningbo-Zhoushan,2021,1,0.2703,1.28,4.0,green
CNNGB,Ningbo-Zhoushan,2021,2,0.3161,1.293,5.8,green
CNNGB,Ningbo-Zhoushan,2021,3,0.2791,1.383,4.9,green
CNNGB,Ningbo-Zhoushan,2021,4,0.2663,1.276,4.4,green
CNNGB,Ningbo-Zhoushan,2021,5,0.237,1.276,3.5,green
CNNGB,Ningbo-Zhoushan,2021,6,0.2628,1.282,3.6,green
CNNGB,Ningbo-Zhoushan,2021,7,0.2506,1.28,2.3,green
CNNGB,Ningbo-Zhoushan,2021,8,0.2288,1.25,2.8,green
CNNGB,Ningbo-Zhoushan,2021,9,0.282,1.228,4.5,green
CNNGB,Ningbo-Zhoushan,2021,10,0.2532,1.243,6.0,green
CNNGB,Ningbo-Zhoushan,2021,11,0.2273,1.242,6.9,green
CNNGB,Ningbo-Zhoushan,2021,12,0.212,1.232,5.5,green
CNNGB,Ningbo-Zhoushan,2022,1,0.2063,1.265,6.4,green
CNNGB,Ningbo-Zhoushan,2022,2,0.3065,1.356,15.6,green
CNNGB,Ningbo-Zhoushan,2022,3,0.4627,1.356,26.3,green
CNNGB,Ningbo-Zhoushan,2022,4,0.3154,1.277,13.8,green
CNNGB,Ningbo-Zhoushan,2022,5,0.1925,1.274,5.6,green
CNNGB,Ningbo-Zhoushan,2022,6,0.2064,1.276,6.1,green
CNNGB,Ningbo-Zhoushan,2022,7,0.177,1.194,4.0,green
CNNGB,Ningbo-Zhoushan,2022,8,0.1839,1.163,4.7,green
CNNGB,Ningbo-Zhoushan,2022,9,0.1721,1.252,6.4,green
CNNGB,Ningbo-Zhoushan,2022,10,0.1989,1.18,7.1,green
CNNGB,Ningbo-Zhoushan,2022,11,0.1989,1.201,6.4,green
CNNGB,Ningbo-Zhoushan,2022,12,0.1909,1.154,4.6,green
CNNGB,Ningbo-Zhoushan,2023,1,0.1863,1.206,5.7,green
CNNGB,Ningbo-Zhoushan,2023,2,0.1918,1.181,4.9,green
CNNGB,Ningbo-Zhoushan,2023,3,0.2028,1.207,5.0,green
CNNGB,Ningbo-Zhoushan,2023,4,0.1903,1.216,4.6,green
CNNGB,Ningbo-Zhoushan,2023,5,0.1865,1.233,4.5,green
CNNGB,Ningbo-Zhoushan,2023,6,0.1782,1.189,3.5,green
CNNGB,Ningbo-Zhoushan,2023,7,0.1818,1.218,4.3,green
CNNGB,Ningbo-Zhoushan,2023,8,0.2105,1.151,5.7,green
CNNGB,Ningbo-Zhoushan,2023,9,0.1802,1.151,3.3,green
CNNGB,Ningbo-Zhoushan,2023,10,0.2492,1.246,11.7,green
CNNGB,Ningbo-Zhoushan,2023,11,0.2022,1.218,7.9,green
CNNGB,Ningbo-Zhoushan,2023,12,0.2042,1.253,8.2,green
CNNGB,Ningbo-Zhoushan,2024,1,0.3067,1.277,12.3,green
CNNGB,Ningbo-Zhoushan,2024,2,0.2049,1.28,7.6,green
CNNGB,Ningbo-Zhoushan,2024,3,0.2063,1.277,6.6,green
CNNGB,Ningbo-Zhoushan,2024,4,0.2845,1.248,10.5,green
CNNGB,Ningbo-Zhoushan,2024,5,0.19,1.248,5.5,green
CNNGB,Ningbo-Zhoushan,2024,6,0.1863,1.241,4.4,green
CNNGB,Ningbo-Zhoushan,2024,7,0.2083,1.262,5.7,green
CNNGB,Ningbo-Zhoushan,2024,8,0.185,1.218,6.4,green
CNNGB,Ningbo-Zhoushan,2024,9,0.2028,1.199,7.3,green
CNNGB,Ningbo-Zhoushan,2024,10,0.1917,1.166,6.0,green
CNNGB,Ningbo-Zhoushan,2024,11,0.195,1.154,6.1,green
CNNGB,Ningbo-Zhoushan,2024,12,0.2039,1.18,6.8,green
CNSZX,Shenzhen,2020,1,0.2866,1.489,8.7,green
CNSZX,Shenzhen,2020,2,0.2446,1.375,3.3,green
CNSZX,Shenzhen,2020,3,0.2473,1.306,3.4,green
CNSZX,Shenzhen,2020,4,0.411,1.339,9.6,green
CNSZX,Shenzhen,2020,5,0.3977,1.343,9.1,green
CNSZX,Shenzhen,2020,6,0.378,1.352,8.4,green
CNSZX,Shenzhen,2020,7,0.3883,1.351,8.6,green
CNSZX,Shenzhen,2020,8,0.3915,1.351,8.7,green
CNSZX,Shenzhen,2020,9,0.333,1.431,7.4,green
CNSZX,Shenzhen,2020,10,0.2878,1.321,4.9,green
CNSZX,Shenzhen,2020,11,0.3173,1.317,5.7,green
CNSZX,Shenzhen,2020,12,0.2609,1.243,2.8,green
CNSZX,Shenzhen,2021,1,0.5588,3.54,25.3,green
CNSZX,Shenzhen,2021,2,0.5935,3.237,25.3,green
CNSZX,Shenzhen,2021,3,0.5523,4.036,27.2,green
CNSZX,Shenzhen,2021,4,0.5402,3.032,23.0,green
CNSZX,Shenzhen,2021,5,0.5299,3.02,22.8,green
CNSZX,Shenzhen,2021,6,0.5446,3.629,25.0,green
CNSZX,Shenzhen,2021,7,0.5782,3.993,27.1,green
CNSZX,Shenzhen,2021,8,0.5267,3.047,22.6,green
CNSZX,Shenzhen,2021,9,0.5492,3.583,25.3,green
CNSZX,Shenzhen,2021,10,0.5922,4.175,31.6,green
CNSZX,Shenzhen,2021,11,0.5451,2.926,24.1,green
CNSZX,Shenzhen,2021,12,0.5974,3.202,29.1,green
CNSZX,Shenzhen,2022,1,0.4299,2.51,19.9,green
CNSZX,Shenzhen,2022,2,0.4366,4.229,31.6,green
CNSZX,Shenzhen,2022,3,0.481,5.079,41.1,amber
CNSZX,Shenzhen,2022,4,0.4823,4.924,34.8,amber
CNSZX,Shenzhen,2022,5,0.4499,3.234,24.0,green
CNSZX,Shenzhen,2022,6,0.4243,3.022,21.9,green
CNSZX,Shenzhen,2022,7,0.4426,2.712,22.4,green
CNSZX,Shenzhen,2022,8,0.4439,2.612,22.4,green
CNSZX,Shenzhen,2022,9,0.4148,2.287,18.1,green
CNSZX,Shenzhen,2022,10,0.4161,2.684,21.4,green
CNSZX,Shenzhen,2022,11,0.4454,2.746,21.2,green
CNSZX,Shenzhen,2022,12,0.4532,2.571,20.3,green
CNSZX,Shenzhen,2023,1,0.2164,1.538,5.8,green
CNSZX,Shenzhen,2023,2,0.1967,1.523,5.4,green
CNSZX,Shenzhen,2023,3,0.2125,1.32,4.3,green
CNSZX,Shenzhen,2023,4,0.1695,1.263,2.8,green
CNSZX,Shenzhen,2023,5,0.2067,1.199,3.7,green
CNSZX,Shenzhen,2023,6,0.1954,1.195,3.3,green
CNSZX,Shenzhen,2023,7,0.1941,1.178,4.1,green
CNSZX,Shenzhen,2023,8,0.2042,1.216,3.6,green
CNSZX,Shenzhen,2023,9,0.1857,1.216,3.8,green
CNSZX,Shenzhen,2023,10,0.352,1.246,14.8,green
CNSZX,Shenzhen,2023,11,0.2218,1.192,7.0,green
CNSZX,Shenzhen,2023,12,0.2071,1.244,5.9,green
CNSZX,Shenzhen,2024,1,0.3163,1.277,11.3,green
CNSZX,Shenzhen,2024,2,0.2115,1.261,6.0,green
CNSZX,Shenzhen,2024,3,0.1989,1.201,5.0,green
CNSZX,Shenzhen,2024,4,0.2706,1.151,9.4,green
CNSZX,Shenzhen,2024,5,0.2097,1.248,5.7,green
CNSZX,Shenzhen,2024,6,0.2137,1.241,5.2,green
CNSZX,Shenzhen,2024,7,0.2335,1.23,4.7,green
CNSZX,Shenzhen,2024,8,0.1906,1.218,5.5,green
CNSZX,Shenzhen,2024,9,0.1734,1.229,4.8,green
CNSZX,Shenzhen,2024,10,0.2092,1.231,5.4,green
CNSZX,Shenzhen,2024,11,0.2123,1.18,4.8,green
CNSZX,Shenzhen,2024,12,0.211,1.182,5.4,green
KRPUS,Busan,2020,1,0.2808,1.477,8.4,green
KRPUS,Busan,2020,2,0.2345,1.247,2.4,green
KRPUS,Busan,2020,3,0.232,1.261,2.6,green
KRPUS,Busan,2020,4,0.4091,1.338,9.6,green
KRPUS,Busan,2020,5,0.4279,1.356,10.4,green
KRPUS,Busan,2020,6,0.4231,1.344,10.3,green
KRPUS,Busan,2020,7,0.3519,1.355,7.1,green
KRPUS,Busan,2020,8,0.3411,1.419,6.9,green
KRPUS,Busan,2020,9,0.3325,1.435,7.4,green
KRPUS,Busan,2020,10,0.3133,1.254,5.6,green
KRPUS,Busan,2020,11,0.3154,1.258,5.4,green
KRPUS,Busan,2020,12,0.2659,1.25,3.0,green
KRPUS,Busan,2021,1,0.4665,1.829,14.4,green
KRPUS,Busan,2021,2,0.4838,2.362,17.1,green
KRPUS,Busan,2021,3,0.4575,2.492,16.9,green
KRPUS,Busan,2021,4,0.4326,1.791,13.4,green
KRPUS,Busan,2021,5,0.4288,1.708,13.1,green
KRPUS,Busan,2021,6,0.4433,1.928,13.7,green
KRPUS,Busan,2021,7,0.4512,2.311,14.8,green
KRPUS,Busan,2021,8,0.4418,1.778,13.8,green
KRPUS,Busan,2021,9,0.4352,1.965,13.8,green
KRPUS,Busan,2021,10,0.4623,2.022,19.0,green
KRPUS,Busan,2021,11,0.4409,2.027,18.0,green
KRPUS,Busan,2021,12,0.4529,2.0,18.4,green
KRPUS,Busan,2022,1,0.3594,2.161,17.5,green
KRPUS,Busan,2022,2,0.4493,1.968,24.6,green
KRPUS,Busan,2022,3,0.6202,2.642,40.6,amber
KRPUS,Busan,2022,4,0.3687,2.05,20.9,green
KRPUS,Busan,2022,5,0.361,1.661,15.5,green
KRPUS,Busan,2022,6,0.3602,1.628,16.0,green
KRPUS,Busan,2022,7,0.3409,1.775,13.9,green
KRPUS,Busan,2022,8,0.3411,1.744,15.8,green
KRPUS,Busan,2022,9,0.4612,1.991,27.9,green
KRPUS,Busan,2022,10,0.3885,1.814,18.5,green
KRPUS,Busan,2022,11,0.3977,1.804,18.0,green
KRPUS,Busan,2022,12,0.4232,1.877,16.8,green
KRPUS,Busan,2023,1,0.3158,1.882,13.8,green
KRPUS,Busan,2023,2,0.3412,1.574,13.3,green
KRPUS,Busan,2023,3,0.3618,1.574,13.4,green
KRPUS,Busan,2023,4,0.3274,1.496,12.9,green
KRPUS,Busan,2023,5,0.3324,1.518,13.7,green
KRPUS,Busan,2023,6,0.288,1.463,9.8,green
KRPUS,Busan,2023,7,0.3473,1.423,12.5,green
KRPUS,Busan,2023,8,0.3884,1.506,17.7,green
KRPUS,Busan,2023,9,0.3255,1.434,11.6,green
KRPUS,Busan,2023,10,0.4292,1.924,22.3,green
KRPUS,Busan,2023,11,0.3163,1.825,16.3,green
KRPUS,Busan,2023,12,0.3072,1.694,14.1,green
KRPUS,Busan,2024,1,0.4084,1.762,20.1,green
KRPUS,Busan,2024,2,0.366,2.197,21.0,green
KRPUS,Busan,2024,3,0.3556,1.826,17.9,green
KRPUS,Busan,2024,4,0.3765,1.793,18.6,green
KRPUS,Busan,2024,5,0.3673,1.656,17.1,green
KRPUS,Busan,2024,6,0.3242,1.635,14.3,green
KRPUS,Busan,2024,7,0.385,1.697,14.6,green
KRPUS,Busan,2024,8,0.3519,1.705,16.8,green
KRPUS,Busan,2024,9,0.3556,1.692,15.9,green
KRPUS,Busan,2024,10,0.39,1.822,19.1,green
KRPUS,Busan,2024,11,0.3679,1.831,18.0,green
KRPUS,Busan,2024,12,0.3755,1.879,17.1,green
HKHKG,Hong Kong,2020,1,0.3052,1.477,9.4,green
HKHKG,Hong Kong,2020,2,0.2485,1.297,3.1,green
HKHKG,Hong Kong,2020,3,0.2474,1.301,3.4,green
HKHKG,Hong Kong,2020,4,0.4829,1.366,12.7,green
HKHKG,Hong Kong,2020,5,0.4019,1.328,9.2,green
HKHKG,Hong Kong,2020,6,0.408,1.317,9.5,green
HKHKG,Hong Kong,2020,7,0.3844,1.305,8.3,green
HKHKG,Hong Kong,2020,8,0.3898,1.309,8.4,green
HKHKG,Hong Kong,2020,9,0.3834,1.332,9.0,green
HKHKG,Hong Kong,2020,10,0.293,1.254,4.8,green
HKHKG,Hong Kong,2020,11,0.3237,1.254,5.7,green
HKHKG,Hong Kong,2020,12,0.285,1.247,3.8,green
HKHKG,Hong Kong,2021,1,0.4682,2.158,15.8,green
HKHKG,Hong Kong,2021,2,0.4441,2.304,15.3,green
HKHKG,Hong Kong,2021,3,0.4567,2.096,15.2,green
HKHKG,Hong Kong,2021,4,0.4548,1.804,14.3,green
HKHKG,Hong Kong,2021,5,0.4208,1.762,13.0,green
HKHKG,Hong Kong,2021,6,0.4162,1.655,11.4,green
HKHKG,Hong Kong,2021,7,0.4094,1.897,11.4,green
HKHKG,Hong Kong,2021,8,0.4156,1.648,12.2,green
HKHKG,Hong Kong,2021,9,0.4513,2.324,16.0,green
HKHKG,Hong Kong,2021,10,0.4576,2.079,21.3,green
HKHKG,Hong Kong,2021,11,0.437,2.079,17.7,green
HKHKG,Hong Kong,2021,12,0.4426,2.268,21.0,green
HKHKG,Hong Kong,2022,1,0.2337,1.575,9.8,green
HKHKG,Hong Kong,2022,2,0.3756,1.409,19.5,green
HKHKG,Hong Kong,2022,3,0.4553,1.485,27.0,green
HKHKG,Hong Kong,2022,4,0.3748,1.4,17.6,green
HKHKG,Hong Kong,2022,5,0.1955,1.354,7.9,green
HKHKG,Hong Kong,2022,6,0.2349,1.344,9.4,green
HKHKG,Hong Kong,2022,7,0.211,1.284,9.0,green
HKHKG,Hong Kong,2022,8,0.2094,1.22,10.6,green
HKHKG,Hong Kong,2022,9,0.1839,1.261,6.6,green
HKHKG,Hong Kong,2022,10,0.1969,1.262,9.3,green
HKHKG,Hong Kong,2022,11,0.2051,1.242,8.1,green
HKHKG,Hong Kong,2022,12,0.1896,1.197,5.2,green
HKHKG,Hong Kong,2023,1,0.1891,1.201,4.7,green
HKHKG,Hong Kong,2023,2,0.1945,1.227,7.1,green
HKHKG,Hong Kong,2023,3,0.213,1.202,6.5,green
HKHKG,Hong Kong,2023,4,0.2103,1.151,5.4,green
HKHKG,Hong Kong,2023,5,0.2001,1.178,5.3,green
HKHKG,Hong Kong,2023,6,0.1876,1.216,4.2,green
HKHKG,Hong Kong,2023,7,0.2146,1.244,8.2,green
HKHKG,Hong Kong,2023,8,0.1963,1.216,5.1,green
HKHKG,Hong Kong,2023,9,0.1727,1.228,6.7,green
HKHKG,Hong Kong,2023,10,0.2503,1.285,13.5,green
HKHKG,Hong Kong,2023,11,0.1925,1.205,8.3,green
HKHKG,Hong Kong,2023,12,0.1946,1.154,6.7,green
HKHKG,Hong Kong,2024,1,0.2298,1.259,10.3,green
HKHKG,Hong Kong,2024,2,0.2173,1.255,8.4,green
HKHKG,Hong Kong,2024,3,0.2031,1.255,7.4,green
HKHKG,Hong Kong,2024,4,0.3021,1.226,12.5,green
HKHKG,Hong Kong,2024,5,0.1895,1.226,6.6,green
HKHKG,Hong Kong,2024,6,0.1975,1.223,5.5,green
HKHKG,Hong Kong,2024,7,0.1973,1.228,4.2,green
HKHKG,Hong Kong,2024,8,0.1926,1.178,6.1,green
HKHKG,Hong Kong,2024,9,0.1812,1.209,8.1,green
HKHKG,Hong Kong,2024,10,0.2091,1.18,7.2,green
HKHKG,Hong Kong,2024,11,0.1982,1.179,7.3,green
HKHKG,Hong Kong,2024,12,0.2086,1.225,7.1,green
CNGZU,Guangzhou,2020,1,0.2866,1.489,8.7,green
CNGZU,Guangzhou,2020,2,0.2493,1.272,3.1,green
CNGZU,Guangzhou,2020,3,0.2415,1.291,3.1,green
CNGZU,Guangzhou,2020,4,0.3885,1.339,8.7,green
CNGZU,Guangzhou,2020,5,0.3856,1.339,8.6,green
CNGZU,Guangzhou,2020,6,0.3595,1.309,7.5,green
CNGZU,Guangzhou,2020,7,0.3957,1.305,8.7,green
CNGZU,Guangzhou,2020,8,0.3977,1.336,8.9,green
CNGZU,Guangzhou,2020,9,0.3821,1.348,9.1,green
CNGZU,Guangzhou,2020,10,0.2872,1.284,4.7,green
CNGZU,Guangzhou,2020,11,0.287,1.251,4.2,green
CNGZU,Guangzhou,2020,12,0.2774,1.243,3.5,green
CNGZU,Guangzhou,2021,1,0.2717,1.488,5.0,green
CNGZU,Guangzhou,2021,2,0.319,1.314,6.0,green
CNGZU,Guangzhou,2021,3,0.257,1.374,3.9,green
CNGZU,Guangzhou,2021,4,0.233,1.276,3.0,green
CNGZU,Guangzhou,2021,5,0.2181,1.276,2.7,green
CNGZU,Guangzhou,2021,6,0.2593,1.282,3.4,green
CNGZU,Guangzhou,2021,7,0.1951,1.284,0.0,green
CNGZU,Guangzhou,2021,8,0.2387,1.249,3.2,green
CNGZU,Guangzhou,2021,9,0.3291,1.153,6.1,green
CNGZU,Guangzhou,2021,10,0.264,1.258,3.8,green
CNGZU,Guangzhou,2021,11,0.2385,1.244,3.1,green
CNGZU,Guangzhou,2021,12,0.2248,1.233,3.4,green
CNGZU,Guangzhou,2022,1,0.2117,1.273,4.7,green
CNGZU,Guangzhou,2022,2,0.3584,1.34,15.0,green
CNGZU,Guangzhou,2022,3,0.472,1.38,24.1,green
CNGZU,Guangzhou,2022,4,0.3776,1.316,14.4,green
CNGZU,Guangzhou,2022,5,0.2432,1.31,6.4,green
CNGZU,Guangzhou,2022,6,0.2572,1.276,6.2,green
CNGZU,Guangzhou,2022,7,0.2201,1.274,4.0,green
CNGZU,Guangzhou,2022,8,0.1989,1.26,3.9,green
CNGZU,Guangzhou,2022,9,0.1838,1.261,3.2,green
CNGZU,Guangzhou,2022,10,0.2009,1.186,4.2,green
CNGZU,Guangzhou,2022,11,0.2023,1.193,2.9,green
CNGZU,Guangzhou,2022,12,0.1964,1.154,2.2,green
CNGZU,Guangzhou,2023,1,0.2117,1.181,2.6,green
CNGZU,Guangzhou,2023,2,0.2147,1.181,3.6,green
CNGZU,Guangzhou,2023,3,0.2306,1.207,3.5,green
CNGZU,Guangzhou,2023,4,0.2349,1.178,3.7,green
CNGZU,Guangzhou,2023,5,0.2254,1.227,3.6,green
CNGZU,Guangzhou,2023,6,0.2091,1.241,3.1,green
CNGZU,Guangzhou,2023,7,0.2156,1.244,3.2,green
CNGZU,Guangzhou,2023,8,0.2008,1.261,2.3,green
CNGZU,Guangzhou,2023,9,0.205,1.222,2.2,green
CNGZU,Guangzhou,2023,10,0.2552,1.276,9.6,green
CNGZU,Guangzhou,2023,11,0.2147,1.214,5.5,green
CNGZU,Guangzhou,2023,12,0.2119,1.244,4.8,green
CNGZU,Guangzhou,2024,1,0.3102,1.261,9.8,green
CNGZU,Guangzhou,2024,2,0.2342,1.207,5.8,green
CNGZU,Guangzhou,2024,3,0.2153,1.181,4.2,green
CNGZU,Guangzhou,2024,4,0.2893,1.151,8.7,green
CNGZU,Guangzhou,2024,5,0.2167,1.178,4.1,green
CNGZU,Guangzhou,2024,6,0.2234,1.228,3.7,green
CNGZU,Guangzhou,2024,7,0.2342,1.178,2.9,green
CNGZU,Guangzhou,2024,8,0.2323,1.151,5.2,green
CNGZU,Guangzhou,2024,9,0.2102,1.151,3.7,green
CNGZU,Guangzhou,2024,10,0.2127,1.154,3.9,green
CNGZU,Guangzhou,2024,11,0.2127,1.154,3.8,green
CNGZU,Guangzhou,2024,12,0.2182,1.18,4.8,green
CNTAO,Qingdao,2020,1,0.2866,1.489,8.7,green
CNTAO,Qingdao,2020,2,0.2267,1.241,2.0,green
CNTAO,Qingdao,2020,3,0.236,1.261,2.8,green
CNTAO,Qingdao,2020,4,0.3675,1.301,7.7,green
CNTAO,Qingdao,2020,5,0.3814,1.316,8.3,green
CNTAO,Qingdao,2020,6,0.4105,1.313,9.6,green
CNTAO,Qingdao,2020,7,0.4049,1.376,9.4,green
CNTAO,Qingdao,2020,8,0.3648,1.351,7.6,green
CNTAO,Qingdao,2020,9,0.3735,1.325,8.6,green
CNTAO,Qingdao,2020,10,0.2812,1.254,4.3,green
CNTAO,Qingdao,2020,11,0.3606,1.251,7.2,green
CNTAO,Qingdao,2020,12,0.2808,1.246,3.6,green
CNTAO,Qingdao,2021,1,0.4671,1.656,13.7,green
CNTAO,Qingdao,2021,2,0.4941,2.113,16.5,green
CNTAO,Qingdao,2021,3,0.3907,2.325,13.4,green
CNTAO,Qingdao,2021,4,0.4183,1.738,12.6,green
CNTAO,Qingdao,2021,5,0.4078,1.86,12.9,green
CNTAO,Qingdao,2021,6,0.4393,1.52,11.8,green
CNTAO,Qingdao,2021,7,0.4219,1.971,12.2,green
CNTAO,Qingdao,2021,8,0.4245,1.562,12.2,green
CNTAO,Qingdao,2021,9,0.4407,1.782,13.3,green
CNTAO,Qingdao,2021,10,0.4065,1.915,16.1,green
CNTAO,Qingdao,2021,11,0.4408,1.772,17.0,green
CNTAO,Qingdao,2021,12,0.424,2.305,18.4,green
CNTAO,Qingdao,2022,1,0.5377,3.594,29.9,green
CNTAO,Qingdao,2022,2,0.5772,9.349,59.6,amber
CNTAO,Qingdao,2022,3,0.6719,7.478,60.6,amber
CNTAO,Qingdao,2022,4,0.6077,5.458,43.7,amber
CNTAO,Qingdao,2022,5,0.6064,3.836,34.3,amber
CNTAO,Qingdao,2022,6,0.6164,3.939,34.8,amber
CNTAO,Qingdao,2022,7,0.6202,4.099,35.1,amber
CNTAO,Qingdao,2022,8,0.6118,3.918,34.5,amber
CNTAO,Qingdao,2022,9,0.6303,4.073,39.5,amber
CNTAO,Qingdao,2022,10,0.6076,4.022,36.4,amber
CNTAO,Qingdao,2022,11,0.6046,3.944,34.7,amber
CNTAO,Qingdao,2022,12,0.6339,4.079,35.3,amber
CNTAO,Qingdao,2023,1,0.5305,2.319,23.9,green
CNTAO,Qingdao,2023,2,0.4773,2.496,22.3,green
CNTAO,Qingdao,2023,3,0.4947,2.112,21.2,green
CNTAO,Qingdao,2023,4,0.5033,2.937,27.2,green
CNTAO,Qingdao,2023,5,0.4958,2.534,23.0,green
CNTAO,Qingdao,2023,6,0.4887,2.609,23.1,green
CNTAO,Qingdao,2023,7,0.4868,2.499,23.8,green
CNTAO,Qingdao,2023,8,0.5014,2.6,23.2,green
CNTAO,Qingdao,2023,9,0.4378,2.217,20.1,green
CNTAO,Qingdao,2023,10,0.4919,3.191,29.2,green
CNTAO,Qingdao,2023,11,0.505,3.363,29.4,green
CNTAO,Qingdao,2023,12,0.4884,2.346,23.8,green
CNTAO,Qingdao,2024,1,0.4167,1.86,19.4,green
CNTAO,Qingdao,2024,2,0.3789,1.908,17.1,green
CNTAO,Qingdao,2024,3,0.3631,1.825,15.5,green
CNTAO,Qingdao,2024,4,0.3916,1.791,17.8,green
CNTAO,Qingdao,2024,5,0.3837,1.945,16.6,green
CNTAO,Qingdao,2024,6,0.3923,1.611,14.4,green
CNTAO,Qingdao,2024,7,0.4158,1.627,16.9,green
CNTAO,Qingdao,2024,8,0.3718,1.544,16.5,green
CNTAO,Qingdao,2024,9,0.368,1.507,14.5,green
CNTAO,Qingdao,2024,10,0.3526,1.685,14.8,green
CNTAO,Qingdao,2024,11,0.3979,1.747,15.7,green
CNTAO,Qingdao,2024,12,0.3821,1.919,17.0,green
CNTXG,Tianjin,2020,1,0.2851,1.457,8.5,green
CNTXG,Tianjin,2020,2,0.2516,1.222,3.0,green
CNTXG,Tianjin,2020,3,0.2312,1.251,2.5,green
CNTXG,Tianjin,2020,4,0.3773,1.282,8.0,green
CNTXG,Tianjin,2020,5,0.3797,1.311,8.2,green
CNTXG,Tianjin,2020,6,0.3584,1.301,7.4,green
CNTXG,Tianjin,2020,7,0.3639,1.299,7.4,green
CNTXG,Tianjin,2020,8,0.3523,1.3,6.9,green
CNTXG,Tianjin,2020,9,0.3483,1.316,7.5,green
CNTXG,Tianjin,2020,10,0.2923,1.255,4.8,green
CNTXG,Tianjin,2020,11,0.3655,1.249,7.4,green
CNTXG,Tianjin,2020,12,0.2795,1.244,3.6,green
CNTXG,Tianjin,2021,1,0.4885,1.995,16.0,green
CNTXG,Tianjin,2021,2,0.4402,2.446,15.7,green
CNTXG,Tianjin,2021,3,0.4103,2.472,14.8,green
CNTXG,Tianjin,2021,4,0.4245,1.79,13.1,green
CNTXG,Tianjin,2021,5,0.4237,1.709,12.9,green
CNTXG,Tianjin,2021,6,0.4106,1.825,11.9,green
CNTXG,Tianjin,2021,7,0.3833,2.058,11.0,green
CNTXG,Tianjin,2021,8,0.4221,1.556,12.0,green
CNTXG,Tianjin,2021,9,0.4373,2.292,15.3,green
CNTXG,Tianjin,2021,10,0.404,2.22,17.2,green
CNTXG,Tianjin,2021,11,0.415,1.807,17.7,green
CNTXG,Tianjin,2021,12,0.4293,2.394,20.6,green
CNTXG,Tianjin,2022,1,0.4516,2.009,22.0,green
CNTXG,Tianjin,2022,2,0.4579,2.378,27.1,green
CNTXG,Tianjin,2022,3,0.507,3.805,41.3,amber
CNTXG,Tianjin,2022,4,0.4492,1.99,24.3,green
CNTXG,Tianjin,2022,5,0.4399,1.728,20.3,green
CNTXG,Tianjin,2022,6,0.4056,2.144,18.9,green
CNTXG,Tianjin,2022,7,0.3991,1.722,17.3,green
CNTXG,Tianjin,2022,8,0.3924,1.819,17.5,green
CNTXG,Tianjin,2022,9,0.3572,1.846,16.5,green
CNTXG,Tianjin,2022,10,0.3583,1.858,18.2,green
CNTXG,Tianjin,2022,11,0.3609,1.766,15.4,green
CNTXG,Tianjin,2022,12,0.3512,2.124,16.6,green
CNTXG,Tianjin,2023,1,0.2118,1.466,8.4,green
CNTXG,Tianjin,2023,2,0.2014,1.281,6.0,green
CNTXG,Tianjin,2023,3,0.2172,1.266,6.2,green
CNTXG,Tianjin,2023,4,0.2013,1.226,9.3,green
CNTXG,Tianjin,2023,5,0.1911,1.205,5.1,green
CNTXG,Tianjin,2023,6,0.1908,1.153,4.2,green
CNTXG,Tianjin,2023,7,0.2222,1.193,7.4,green
CNTXG,Tianjin,2023,8,0.2071,1.234,5.6,green
CNTXG,Tianjin,2023,9,0.1963,1.23,4.4,green
CNTXG,Tianjin,2023,10,0.3124,1.294,14.7,green
CNTXG,Tianjin,2023,11,0.2075,1.231,9.1,green
CNTXG,Tianjin,2023,12,0.2143,1.284,9.9,green
CNTXG,Tianjin,2024,1,0.3034,1.314,14.3,green
CNTXG,Tianjin,2024,2,0.1933,1.251,7.8,green
CNTXG,Tianjin,2024,3,0.1962,1.276,7.6,green
CNTXG,Tianjin,2024,4,0.3043,1.225,13.5,green
CNTXG,Tianjin,2024,5,0.1843,1.234,6.5,green
CNTXG,Tianjin,2024,6,0.1846,1.231,4.7,green
CNTXG,Tianjin,2024,7,0.2021,1.246,4.6,green
CNTXG,Tianjin,2024,8,0.228,1.261,10.8,green
CNTXG,Tianjin,2024,9,0.1809,1.262,7.3,green
CNTXG,Tianjin,2024,10,0.2101,1.299,9.2,green
CNTXG,Tianjin,2024,11,0.2176,1.277,6.9,green
CNTXG,Tianjin,2024,12,0.2177,1.263,8.1,green
MYPKG,Port Klang,2020,1,0.2996,1.412,8.9,green
MYPKG,Port Klang,2020,2,0.2681,1.316,4.0,green
MYPKG,Port Klang,2020,3,0.2336,1.255,2.6,green
MYPKG,Port Klang,2020,4,0.4076,1.2,8.9,green
MYPKG,Port Klang,2020,5,0.469,1.2,11.4,green
MYPKG,Port Klang,2020,6,0.4409,1.308,10.8,green
MYPKG,Port Klang,2020,7,0.4247,1.304,9.9,green
MYPKG,Port Klang,2020,8,0.4207,1.343,9.9,green
MYPKG,Port Klang,2020,9,0.3679,1.377,8.6,green
MYPKG,Port Klang,2020,10,0.2977,1.275,5.1,green
MYPKG,Port Klang,2020,11,0.317,1.245,5.4,green
MYPKG,Port Klang,2020,12,0.3043,1.234,4.6,green
MYPKG,Port Klang,2021,1,0.5143,3.411,23.0,green
MYPKG,Port Klang,2021,2,0.6177,3.607,27.9,green
MYPKG,Port Klang,2021,3,0.5645,3.188,24.2,green
MYPKG,Port Klang,2021,4,0.5586,3.07,23.9,green
MYPKG,Port Klang,2021,5,0.5192,3.116,22.7,green
MYPKG,Port Klang,2021,6,0.5201,3.338,22.7,green
MYPKG,Port Klang,2021,7,0.4425,3.259,18.4,green
MYPKG,Port Klang,2021,8,0.5658,2.779,23.1,green
MYPKG,Port Klang,2021,9,0.5479,2.853,22.2,green
MYPKG,Port Klang,2021,10,0.5326,3.155,24.7,green
MYPKG,Port Klang,2021,11,0.5163,3.327,25.3,green
MYPKG,Port Klang,2021,12,0.5327,3.592,31.0,green
MYPKG,Port Klang,2022,1,0.4499,2.089,18.5,green
MYPKG,Port Klang,2022,2,0.4458,2.446,24.7,green
MYPKG,Port Klang,2022,3,0.5869,2.402,34.7,amber
MYPKG,Port Klang,2022,4,0.4214,2.133,20.8,green
MYPKG,Port Klang,2022,5,0.3992,1.67,16.5,green
MYPKG,Port Klang,2022,6,0.3917,1.704,14.9,green
MYPKG,Port Klang,2022,7,0.3885,1.752,14.4,green
MYPKG,Port Klang,2022,8,0.379,1.753,14.5,green
MYPKG,Port Klang,2022,9,0.3834,1.653,14.2,green
MYPKG,Port Klang,2022,10,0.3696,1.653,15.1,green
MYPKG,Port Klang,2022,11,0.4063,1.667,15.2,green
MYPKG,Port Klang,2022,12,0.4219,1.841,17.4,green
MYPKG,Port Klang,2023,1,0.2624,1.365,7.3,green
MYPKG,Port Klang,2023,2,0.2493,1.368,6.7,green
MYPKG,Port Klang,2023,3,0.2647,1.318,6.4,green
MYPKG,Port Klang,2023,4,0.2082,1.239,4.3,green
MYPKG,Port Klang,2023,5,0.2087,1.211,4.6,green
MYPKG,Port Klang,2023,6,0.2058,1.205,4.3,green
MYPKG,Port Klang,2023,7,0.1948,1.206,4.0,green
MYPKG,Port Klang,2023,8,0.2068,1.141,3.5,green
MYPKG,Port Klang,2023,9,0.1737,1.209,2.6,green
MYPKG,Port Klang,2023,10,0.3705,1.292,15.2,green
MYPKG,Port Klang,2023,11,0.2379,1.277,7.9,green
MYPKG,Port Klang,2023,12,0.2087,1.266,7.0,green
MYPKG,Port Klang,2024,1,0.4157,2.063,18.5,green
MYPKG,Port Klang,2024,2,0.3771,1.96,15.8,green
MYPKG,Port Klang,2024,3,0.369,1.888,14.8,green
MYPKG,Port Klang,2024,4,0.4196,1.821,17.8,green
MYPKG,Port Klang,2024,5,0.3922,1.803,15.1,green
MYPKG,Port Klang,2024,6,0.3871,1.654,14.1,green
MYPKG,Port Klang,2024,7,0.4256,1.606,14.8,green
MYPKG,Port Klang,2024,8,0.3901,1.635,15.4,green
MYPKG,Port Klang,2024,9,0.38,1.672,14.6,green
MYPKG,Port Klang,2024,10,0.3974,2.131,17.8,green
MYPKG,Port Klang,2024,11,0.4138,1.7,16.6,green
MYPKG,Port Klang,2024,12,0.4182,1.721,17.3,green
MYTPP,Tanjung Pelepas,2020,1,0.2996,1.412,8.9,green
MYTPP,Tanjung Pelepas,2020,2,0.2721,1.451,4.8,green
MYTPP,Tanjung Pelepas,2020,3,0.2529,1.291,3.6,green
MYTPP,Tanjung Pelepas,2020,4,0.4663,1.297,11.7,green
MYTPP,Tanjung Pelepas,2020,5,0.3949,1.342,8.9,green
MYTPP,Tanjung Pelepas,2020,6,0.4468,1.305,11.1,green
MYTPP,Tanjung Pelepas,2020,7,0.4164,1.361,9.8,green
MYTPP,Tanjung Pelepas,2020,8,0.3978,1.296,8.7,green
MYTPP,Tanjung Pelepas,2020,9,0.347,1.336,7.6,green
MYTPP,Tanjung Pelepas,2020,10,0.2907,1.245,4.7,green
MYTPP,Tanjung Pelepas,2020,11,0.3923,1.241,8.5,green
MYTPP,Tanjung Pelepas,2020,12,0.3074,1.248,4.7,green
MYTPP,Tanjung Pelepas,2021,1,0.4597,1.94,14.6,green
MYTPP,Tanjung Pelepas,2021,2,0.4461,2.104,14.5,green
MYTPP,Tanjung Pelepas,2021,3,0.4862,2.008,16.0,green
MYTPP,Tanjung Pelepas,2021,4,0.4126,1.781,12.5,green
MYTPP,Tanjung Pelepas,2021,5,0.4199,1.61,12.4,green
MYTPP,Tanjung Pelepas,2021,6,0.4362,1.708,12.5,green
MYTPP,Tanjung Pelepas,2021,7,0.3892,1.929,10.7,green
MYTPP,Tanjung Pelepas,2021,8,0.4232,1.591,12.2,green
MYTPP,Tanjung Pelepas,2021,9,0.4473,1.967,14.3,green
MYTPP,Tanjung Pelepas,2021,10,0.4611,2.083,16.8,green
MYTPP,Tanjung Pelepas,2021,11,0.4521,1.937,16.7,green
MYTPP,Tanjung Pelepas,2021,12,0.4505,2.009,17.9,green
MYTPP,Tanjung Pelepas,2022,1,0.266,1.522,9.1,green
MYTPP,Tanjung Pelepas,2022,2,0.3951,1.5,18.2,green
MYTPP,Tanjung Pelepas,2022,3,0.3833,1.664,22.2,green
MYTPP,Tanjung Pelepas,2022,4,0.3558,1.511,15.0,green
MYTPP,Tanjung Pelepas,2022,5,0.2442,1.363,8.0,green
MYTPP,Tanjung Pelepas,2022,6,0.2334,1.326,6.5,green
MYTPP,Tanjung Pelepas,2022,7,0.2153,1.29,5.1,green
MYTPP,Tanjung Pelepas,2022,8,0.2078,1.204,5.1,green
MYTPP,Tanjung Pelepas,2022,9,0.1774,1.168,4.3,green
MYTPP,Tanjung Pelepas,2022,10,0.2039,1.152,5.8,green
MYTPP,Tanjung Pelepas,2022,11,0.1963,1.152,4.4,green
MYTPP,Tanjung Pelepas,2022,12,0.2304,1.178,4.9,green
MYTPP,Tanjung Pelepas,2023,1,0.211,1.224,4.0,green
MYTPP,Tanjung Pelepas,2023,2,0.2098,1.209,4.9,green
MYTPP,Tanjung Pelepas,2023,3,0.2059,1.197,4.0,green
MYTPP,Tanjung Pelepas,2023,4,0.2032,1.168,3.6,green
MYTPP,Tanjung Pelepas,2023,5,0.2278,1.168,4.5,green
MYTPP,Tanjung Pelepas,2023,6,0.2953,1.228,7.5,green
MYTPP,Tanjung Pelepas,2023,7,0.2373,1.228,5.8,green
MYTPP,Tanjung Pelepas,2023,8,0.2366,1.248,5.1,green
MYTPP,Tanjung Pelepas,2023,9,0.1922,1.196,3.0,green
MYTPP,Tanjung Pelepas,2023,10,0.2546,1.268,10.2,green
MYTPP,Tanjung Pelepas,2023,11,0.202,1.165,6.0,green
MYTPP,Tanjung Pelepas,2023,12,0.21,1.152,5.2,green
MYTPP,Tanjung Pelepas,2024,1,0.2474,1.171,7.6,green
MYTPP,Tanjung Pelepas,2024,2,0.2212,1.216,6.2,green
MYTPP,Tanjung Pelepas,2024,3,0.2086,1.218,4.7,green
MYTPP,Tanjung Pelepas,2024,4,0.2847,1.216,9.3,green
MYTPP,Tanjung Pelepas,2024,5,0.2156,1.189,5.1,green
MYTPP,Tanjung Pelepas,2024,6,0.208,1.141,3.8,green
MYTPP,Tanjung Pelepas,2024,7,0.2115,1.168,3.8,green
MYTPP,Tanjung Pelepas,2024,8,0.2076,1.141,5.4,green
MYTPP,Tanjung Pelepas,2024,9,0.1926,1.228,5.0,green
MYTPP,Tanjung Pelepas,2024,10,0.2576,1.238,7.3,green
MYTPP,Tanjung Pelepas,2024,11,0.248,1.229,6.7,green
MYTPP,Tanjung Pelepas,2024,12,0.209,1.178,5.9,green
IDJKT,Jakarta,2020,1,0.4724,1.844,17.8,green
IDJKT,Jakarta,2020,2,0.4292,1.84,12.8,green
IDJKT,Jakarta,2020,3,0.4563,1.793,14.0,green
IDJKT,Jakarta,2020,4,0.4775,2.313,16.4,green
IDJKT,Jakarta,2020,5,0.4819,2.269,16.4,green
IDJKT,Jakarta,2020,6,0.4602,2.207,15.4,green
IDJKT,Jakarta,2020,7,0.5,2.132,16.5,green
IDJKT,Jakarta,2020,8,0.4914,2.208,16.4,green
IDJKT,Jakarta,2020,9,0.4578,2.162,15.6,green
IDJKT,Jakarta,2020,10,0.4686,2.039,15.3,green
IDJKT,Jakarta,2020,11,0.4765,2.196,16.0,green
IDJKT,Jakarta,2020,12,0.4922,2.167,16.2,green
IDJKT,Jakarta,2021,1,0.5214,3.065,21.8,green
IDJKT,Jakarta,2021,2,0.5499,3.396,24.2,green
IDJKT,Jakarta,2021,3,0.5189,3.324,22.9,green
IDJKT,Jakarta,2021,4,0.5318,2.694,21.2,green
IDJKT,Jakarta,2021,5,0.5235,2.813,21.6,green
IDJKT,Jakarta,2021,6,0.5305,3.737,24.8,green
IDJKT,Jakarta,2021,7,0.5489,2.627,20.1,green
IDJKT,Jakarta,2021,8,0.5379,3.006,22.9,green
IDJKT,Jakarta,2021,9,0.5376,3.153,23.0,green
IDJKT,Jakarta,2021,10,0.5502,3.682,26.5,green
IDJKT,Jakarta,2021,11,0.527,3.557,26.6,green
IDJKT,Jakarta,2021,12,0.529,3.567,27.6,green
IDJKT,Jakarta,2022,1,0.5708,3.834,32.3,green
IDJKT,Jakarta,2022,2,0.6445,6.612,51.2,amber
IDJKT,Jakarta,2022,3,0.6672,8.201,62.6,amber
IDJKT,Jakarta,2022,4,0.6205,5.019,41.2,amber
IDJKT,Jakarta,2022,5,0.6092,3.672,32.5,green
IDJKT,Jakarta,2022,6,0.6263,3.886,33.4,amber
IDJKT,Jakarta,2022,7,0.608,3.999,32.9,green
IDJKT,Jakarta,2022,8,0.5976,3.896,32.7,green
IDJKT,Jakarta,2022,9,0.5917,3.72,31.7,green
IDJKT,Jakarta,2022,10,0.5802,4.026,32.8,green
IDJKT,Jakarta,2022,11,0.5914,3.762,31.2,green
IDJKT,Jakarta,2022,12,0.6034,4.274,35.2,amber
IDJKT,Jakarta,2023,1,0.2438,1.672,8.0,green
IDJKT,Jakarta,2023,2,0.2123,1.444,7.0,green
IDJKT,Jakarta,2023,3,0.2046,1.405,5.1,green
IDJKT,Jakarta,2023,4,0.1907,1.338,3.9,green
IDJKT,Jakarta,2023,5,0.1731,1.422,4.1,green
IDJKT,Jakarta,2023,6,0.1886,1.184,3.3,green
IDJKT,Jakarta,2023,7,0.1949,1.179,3.8,green
IDJKT,Jakarta,2023,8,0.1988,1.179,3.5,green
IDJKT,Jakarta,2023,9,0.182,1.206,2.8,green
IDJKT,Jakarta,2023,10,0.344,1.244,14.4,green
IDJKT,Jakarta,2023,11,0.2203,1.245,6.9,green
IDJKT,Jakarta,2023,12,0.2195,1.219,6.2,green
IDJKT,Jakarta,2024,1,0.4043,2.617,21.0,green
IDJKT,Jakarta,2024,2,0.5178,2.56,24.4,green
IDJKT,Jakarta,2024,3,0.4763,2.925,24.5,green
IDJKT,Jakarta,2024,4,0.5057,2.97,26.4,green
IDJKT,Jakarta,2024,5,0.5192,3.067,25.8,green
IDJKT,Jakarta,2024,6,0.4994,2.942,23.6,green
IDJKT,Jakarta,2024,7,0.5124,2.924,23.6,green
IDJKT,Jakarta,2024,8,0.46,2.444,21.7,green
IDJKT,Jakarta,2024,9,0.4386,2.601,21.2,green
IDJKT,Jakarta,2024,10,0.4723,2.641,21.9,green
IDJKT,Jakarta,2024,11,0.462,2.604,21.5,green
IDJKT,Jakarta,2024,12,0.4635,2.473,22.3,green
TWKHH,Kaohsiung,2020,1,0.3072,1.395,9.2,green
TWKHH,Kaohsiung,2020,2,0.2629,1.232,3.5,green
TWKHH,Kaohsiung,2020,3,0.2833,1.197,4.4,green
TWKHH,Kaohsiung,2020,4,0.4491,1.298,11.0,green
TWKHH,Kaohsiung,2020,5,0.4136,1.333,9.7,green
TWKHH,Kaohsiung,2020,6,0.4112,1.305,9.6,green
TWKHH,Kaohsiung,2020,7,0.4136,1.304,9.4,green
TWKHH,Kaohsiung,2020,8,0.3544,1.296,6.9,green
TWKHH,Kaohsiung,2020,9,0.3745,1.313,8.6,green
TWKHH,Kaohsiung,2020,10,0.2884,1.257,4.6,green
TWKHH,Kaohsiung,2020,11,0.3112,1.254,5.2,green
TWKHH,Kaohsiung,2020,12,0.2749,1.246,3.4,green
TWKHH,Kaohsiung,2021,1,0.4865,2.271,17.1,green
TWKHH,Kaohsiung,2021,2,0.3951,2.265,13.1,green
TWKHH,Kaohsiung,2021,3,0.4584,2.041,15.0,green
TWKHH,Kaohsiung,2021,4,0.4212,1.944,13.6,green
TWKHH,Kaohsiung,2021,5,0.4006,1.573,11.4,green
TWKHH,Kaohsiung,2021,6,0.395,1.563,10.2,green
TWKHH,Kaohsiung,2021,7,0.3948,1.621,9.6,green
TWKHH,Kaohsiung,2021,8,0.4154,1.541,11.7,green
TWKHH,Kaohsiung,2021,9,0.4753,1.864,15.1,green
TWKHH,Kaohsiung,2021,10,0.4825,2.46,24.9,green
TWKHH,Kaohsiung,2021,11,0.469,2.196,21.1,green
TWKHH,Kaohsiung,2021,12,0.5061,2.446,24.8,green
TWKHH,Kaohsiung,2022,1,0.4297,2.043,21.3,green
TWKHH,Kaohsiung,2022,2,0.4285,2.474,27.6,green
TWKHH,Kaohsiung,2022,3,0.493,2.468,34.0,amber
TWKHH,Kaohsiung,2022,4,0.4432,1.975,23.6,green
TWKHH,Kaohsiung,2022,5,0.382,1.781,17.2,green
TWKHH,Kaohsiung,2022,6,0.3762,1.798,16.5,green
TWKHH,Kaohsiung,2022,7,0.353,1.953,19.9,green
TWKHH,Kaohsiung,2022,8,0.3432,2.042,19.5,green
TWKHH,Kaohsiung,2022,9,0.4335,1.74,21.8,green
TWKHH,Kaohsiung,2022,10,0.3569,2.153,21.0,green
TWKHH,Kaohsiung,2022,11,0.405,2.061,22.1,green
TWKHH,Kaohsiung,2022,12,0.3803,2.039,19.1,green
TWKHH,Kaohsiung,2023,1,0.2548,1.268,11.2,green
TWKHH,Kaohsiung,2023,2,0.2224,1.347,8.4,green
TWKHH,Kaohsiung,2023,3,0.2171,1.442,7.6,green
TWKHH,Kaohsiung,2023,4,0.2153,1.215,6.2,green
TWKHH,Kaohsiung,2023,5,0.2068,1.251,8.6,green
TWKHH,Kaohsiung,2023,6,0.1951,1.233,9.2,green
TWKHH,Kaohsiung,2023,7,0.3207,1.247,17.8,green
TWKHH,Kaohsiung,2023,8,0.2727,1.352,12.5,green
TWKHH,Kaohsiung,2023,9,0.2203,1.383,11.3,green
TWKHH,Kaohsiung,2023,10,0.4591,1.444,28.9,green
TWKHH,Kaohsiung,2023,11,0.2502,1.276,12.0,green
TWKHH,Kaohsiung,2023,12,0.2539,1.277,12.5,green
TWKHH,Kaohsiung,2024,1,0.3168,1.295,15.0,green
TWKHH,Kaohsiung,2024,2,0.2139,1.301,9.3,green
TWKHH,Kaohsiung,2024,3,0.2025,1.298,8.5,green
TWKHH,Kaohsiung,2024,4,0.3366,1.275,13.8,green
TWKHH,Kaohsiung,2024,5,0.1961,1.221,8.3,green
TWKHH,Kaohsiung,2024,6,0.1911,1.218,7.3,green
TWKHH,Kaohsiung,2024,7,0.3366,1.224,17.5,green
TWKHH,Kaohsiung,2024,8,0.2013,1.166,8.0,green
TWKHH,Kaohsiung,2024,9,0.1977,1.197,10.4,green
TWKHH,Kaohsiung,2024,10,0.3024,1.207,18.0,green
TWKHH,Kaohsiung,2024,11,0.2149,1.221,9.7,green
TWKHH,Kaohsiung,2024,12,0.2111,1.233,9.4,green
JPTYO,Tokyo,2020,1,0.4247,1.981,16.4,green
JPTYO,Tokyo,2020,2,0.4296,1.917,13.2,green
JPTYO,Tokyo,2020,3,0.4084,1.834,12.2,green
JPTYO,Tokyo,2020,4,0.5033,2.449,18.1,green
JPTYO,Tokyo,2020,5,0.5082,2.624,19.0,green
JPTYO,Tokyo,2020,6,0.5034,2.544,18.6,green
JPTYO,Tokyo,2020,7,0.4876,2.599,17.9,green
JPTYO,Tokyo,2020,8,0.4499,2.307,15.1,green
JPTYO,Tokyo,2020,9,0.4554,2.044,15.0,green
JPTYO,Tokyo,2020,10,0.4601,1.91,14.4,green
JPTYO,Tokyo,2020,11,0.4468,2.347,15.4,green
JPTYO,Tokyo,2020,12,0.4259,1.969,12.6,green
JPTYO,Tokyo,2021,1,0.4503,2.03,14.6,green
JPTYO,Tokyo,2021,2,0.4657,2.801,18.2,green
JPTYO,Tokyo,2021,3,0.4724,2.328,16.8,green
JPTYO,Tokyo,2021,4,0.4742,2.136,16.5,green
JPTYO,Tokyo,2021,5,0.4388,1.82,14.0,green
JPTYO,Tokyo,2021,6,0.4822,1.785,14.7,green
JPTYO,Tokyo,2021,7,0.4313,2.349,14.1,green
JPTYO,Tokyo,2021,8,0.4526,1.636,13.6,green
JPTYO,Tokyo,2021,9,0.4426,2.521,16.5,green
JPTYO,Tokyo,2021,10,0.4519,2.191,21.3,green
JPTYO,Tokyo,2021,11,0.455,1.868,18.2,green
JPTYO,Tokyo,2021,12,0.4528,2.347,20.5,green
JPTYO,Tokyo,2022,1,0.4355,2.283,21.0,green
JPTYO,Tokyo,2022,2,0.4561,2.659,27.1,green
JPTYO,Tokyo,2022,3,0.514,2.438,33.7,amber
JPTYO,Tokyo,2022,4,0.414,2.001,23.7,green
JPTYO,Tokyo,2022,5,0.3992,1.864,18.8,green
JPTYO,Tokyo,2022,6,0.396,1.917,18.5,green
JPTYO,Tokyo,2022,7,0.3851,2.061,16.3,green
JPTYO,Tokyo,2022,8,0.3873,1.752,16.8,green
JPTYO,Tokyo,2022,9,0.3859,1.675,18.3,green
JPTYO,Tokyo,2022,10,0.379,1.79,17.1,green
JPTYO,Tokyo,2022,11,0.3973,1.959,17.3,green
JPTYO,Tokyo,2022,12,0.4318,2.292,20.8,green
JPTYO,Tokyo,2023,1,0.4141,1.813,16.6,green
JPTYO,Tokyo,2023,2,0.3593,1.727,14.7,green
JPTYO,Tokyo,2023,3,0.3949,1.807,16.0,green
JPTYO,Tokyo,2023,4,0.3721,1.802,16.0,green
JPTYO,Tokyo,2023,5,0.3762,1.817,17.1,green
JPTYO,Tokyo,2023,6,0.3804,1.781,18.0,green
JPTYO,Tokyo,2023,7,0.3335,1.656,12.8,green
JPTYO,Tokyo,2023,8,0.413,1.528,14.5,green
JPTYO,Tokyo,2023,9,0.3897,1.672,15.3,green
JPTYO,Tokyo,2023,10,0.3881,2.232,22.1,green
JPTYO,Tokyo,2023,11,0.3697,2.511,23.1,green
JPTYO,Tokyo,2023,12,0.3788,1.98,18.8,green
JPTYO,Tokyo,2024,1,0.4774,2.877,27.1,green
JPTYO,Tokyo,2024,2,0.4592,2.529,25.6,green
JPTYO,Tokyo,2024,3,0.4406,2.783,25.5,green
JPTYO,Tokyo,2024,4,0.4974,3.127,28.4,green
JPTYO,Tokyo,2024,5,0.4939,2.808,28.1,green
JPTYO,Tokyo,2024,6,0.4828,2.38,23.7,green
JPTYO,Tokyo,2024,7,0.5176,2.686,24.8,green
JPTYO,Tokyo,2024,8,0.4769,2.469,23.7,green
JPTYO,Tokyo,2024,9,0.4465,2.349,22.0,green
JPTYO,Tokyo,2024,10,0.4895,2.781,24.7,green
JPTYO,Tokyo,2024,11,0.4919,2.691,24.5,green
JPTYO,Tokyo,2024,12,0.4927,2.593,24.7,green
JPOSA,Osaka,2020,1,0.4943,2.933,23.3,green
JPOSA,Osaka,2020,2,0.5197,2.945,21.2,green
JPOSA,Osaka,2020,3,0.547,2.647,21.3,green
JPOSA,Osaka,2020,4,0.623,3.9,29.1,green
JPOSA,Osaka,2020,5,0.5839,3.365,25.2,green
JPOSA,Osaka,2020,6,0.6209,3.121,25.8,green
JPOSA,Osaka,2020,7,0.536,3.403,23.3,green
JPOSA,Osaka,2020,8,0.5731,3.127,23.6,green
JPOSA,Osaka,2020,9,0.5465,4.172,27.6,green
JPOSA,Osaka,2020,10,0.552,3.606,25.3,green
JPOSA,Osaka,2020,11,0.5692,4.106,27.8,green
JPOSA,Osaka,2020,12,0.4919,3.957,23.7,green
JPOSA,Osaka,2021,1,0.4666,2.235,16.1,green
JPOSA,Osaka,2021,2,0.4623,2.507,16.9,green
JPOSA,Osaka,2021,3,0.488,1.81,15.2,green
JPOSA,Osaka,2021,4,0.4473,2.14,15.5,green
JPOSA,Osaka,2021,5,0.4483,1.651,13.7,green
JPOSA,Osaka,2021,6,0.466,1.834,14.2,green
JPOSA,Osaka,2021,7,0.4563,2.405,15.4,green
JPOSA,Osaka,2021,8,0.4364,1.822,13.7,green
JPOSA,Osaka,2021,9,0.4275,2.077,14.0,green
JPOSA,Osaka,2021,10,0.4599,1.888,16.2,green
JPOSA,Osaka,2021,11,0.4441,1.895,17.3,green
JPOSA,Osaka,2021,12,0.4411,2.354,21.4,green
JPOSA,Osaka,2022,1,0.4862,2.676,25.5,green
JPOSA,Osaka,2022,2,0.5405,4.131,37.5,amber
JPOSA,Osaka,2022,3,0.6685,3.273,42.2,amber
JPOSA,Osaka,2022,4,0.5414,3.777,35.0,amber
JPOSA,Osaka,2022,5,0.5014,2.778,24.1,green
JPOSA,Osaka,2022,6,0.48,2.623,24.7,green
JPOSA,Osaka,2022,7,0.5023,2.633,23.9,green
JPOSA,Osaka,2022,8,0.4812,2.744,24.1,green
JPOSA,Osaka,2022,9,0.4045,2.373,22.4,green
JPOSA,Osaka,2022,10,0.4818,2.466,23.2,green
JPOSA,Osaka,2022,11,0.4871,2.692,22.8,green
JPOSA,Osaka,2022,12,0.4805,2.439,23.9,green
JPOSA,Osaka,2023,1,0.5066,2.724,24.8,green
JPOSA,Osaka,2023,2,0.4811,2.946,24.6,green
JPOSA,Osaka,2023,3,0.5146,3.015,25.3,green
JPOSA,Osaka,2023,4,0.5225,3.034,25.9,green
JPOSA,Osaka,2023,5,0.521,2.749,24.7,green
JPOSA,Osaka,2023,6,0.5193,2.587,23.5,green
JPOSA,Osaka,2023,7,0.5005,2.618,24.2,green
JPOSA,Osaka,2023,8,0.504,2.659,25.0,green
JPOSA,Osaka,2023,9,0.4292,2.471,19.1,green
JPOSA,Osaka,2023,10,0.4972,3.042,29.2,green
JPOSA,Osaka,2023,11,0.4977,3.476,30.4,green
JPOSA,Osaka,2023,12,0.4895,2.715,26.2,green
JPOSA,Osaka,2024,1,0.565,4.973,40.2,amber
JPOSA,Osaka,2024,2,0.5589,3.715,32.2,green
JPOSA,Osaka,2024,3,0.5778,3.482,32.7,green
JPOSA,Osaka,2024,4,0.5975,5.564,41.5,amber
JPOSA,Osaka,2024,5,0.5865,3.77,33.2,amber
JPOSA,Osaka,2024,6,0.5752,3.886,32.9,green
JPOSA,Osaka,2024,7,0.5912,4.215,33.1,amber
JPOSA,Osaka,2024,8,0.5683,3.855,31.8,green
JPOSA,Osaka,2024,9,0.5927,3.561,32.5,green
JPOSA,Osaka,2024,10,0.584,4.073,33.0,amber
JPOSA,Osaka,2024,11,0.5801,3.842,32.8,green
JPOSA,Osaka,2024,12,0.5451,4.164,33.3,amber
PHMNL,Manila,2020,1,0.4973,2.987,23.6,green
PHMNL,Manila,2020,2,0.5258,3.365,23.2,green
PHMNL,Manila,2020,3,0.5016,2.892,20.5,green
PHMNL,Manila,2020,4,0.5689,3.743,26.2,green
PHMNL,Manila,2020,5,0.5762,3.906,27.1,green
PHMNL,Manila,2020,6,0.6095,4.357,30.5,green
PHMNL,Manila,2020,7,0.6218,4.038,29.5,green
PHMNL,Manila,2020,8,0.5813,4.252,28.6,green
PHMNL,Manila,2020,9,0.5375,2.813,21.6,green
PHMNL,Manila,2020,10,0.5276,2.756,20.7,green
PHMNL,Manila,2020,11,0.5683,2.902,22.7,green
PHMNL,Manila,2020,12,0.5563,2.822,21.5,green
PHMNL,Manila,2021,1,0.6496,4.845,34.5,amber
PHMNL,Manila,2021,2,0.6415,4.253,31.5,green
PHMNL,Manila,2021,3,0.6218,4.319,31.3,green
PHMNL,Manila,2021,4,0.611,4.424,31.7,green
PHMNL,Manila,2021,5,0.6096,4.447,32.0,green
PHMNL,Manila,2021,6,0.6415,5.15,35.3,amber
PHMNL,Manila,2021,7,0.6612,4.638,33.2,amber
PHMNL,Manila,2021,8,0.6261,4.287,31.8,green
PHMNL,Manila,2021,9,0.6622,4.376,33.3,amber
PHMNL,Manila,2021,10,0.6638,4.488,37.4,amber
PHMNL,Manila,2021,11,0.613,4.581,33.2,amber
PHMNL,Manila,2021,12,0.6523,4.998,37.9,amber
PHMNL,Manila,2022,1,0.6089,3.511,31.6,green
PHMNL,Manila,2022,2,0.6579,5.73,46.8,amber
PHMNL,Manila,2022,3,0.6456,6.679,54.6,amber
PHMNL,Manila,2022,4,0.6225,5.412,43.0,amber
PHMNL,Manila,2022,5,0.6058,3.845,33.2,amber
PHMNL,Manila,2022,6,0.6082,3.783,33.2,amber
PHMNL,Manila,2022,7,0.609,3.929,33.6,amber
PHMNL,Manila,2022,8,0.5947,4.07,35.1,amber
PHMNL,Manila,2022,9,0.5896,3.585,32.4,green
PHMNL,Manila,2022,10,0.5994,4.194,36.9,amber
PHMNL,Manila,2022,11,0.6008,4.104,33.6,amber
PHMNL,Manila,2022,12,0.6007,4.219,33.1,amber
PHMNL,Manila,2023,1,0.5983,4.537,33.9,amber
PHMNL,Manila,2023,2,0.6011,4.076,33.1,amber
PHMNL,Manila,2023,3,0.6136,5.083,36.7,amber
PHMNL,Manila,2023,4,0.6101,4.387,33.8,amber
PHMNL,Manila,2023,5,0.6083,4.073,33.8,amber
PHMNL,Manila,2023,6,0.6083,3.861,33.1,amber
PHMNL,Manila,2023,7,0.5893,4.086,34.3,amber
PHMNL,Manila,2023,8,0.5999,4.258,34.2,amber
PHMNL,Manila,2023,9,0.5897,3.975,33.2,amber
PHMNL,Manila,2023,10,0.6122,6.351,47.5,amber
PHMNL,Manila,2023,11,0.5973,5.535,40.5,amber
PHMNL,Manila,2023,12,0.6116,3.906,34.1,amber
PHMNL,Manila,2024,1,0.6147,5.283,40.5,amber
PHMNL,Manila,2024,2,0.6156,3.912,34.2,amber
PHMNL,Manila,2024,3,0.6033,3.986,33.0,amber
PHMNL,Manila,2024,4,0.6033,5.522,41.1,amber
PHMNL,Manila,2024,5,0.5972,4.254,35.1,amber
PHMNL,Manila,2024,6,0.6112,4.005,32.6,green
PHMNL,Manila,2024,7,0.6105,4.203,34.9,amber
PHMNL,Manila,2024,8,0.5897,3.808,32.5,green
PHMNL,Manila,2024,9,0.5993,3.939,35.3,amber
PHMNL,Manila,2024,10,0.6347,3.861,37.3,amber
PHMNL,Manila,2024,11,0.6087,4.032,34.0,amber
PHMNL,Manila,2024,12,0.6161,4.143,35.0,amber
VNSGN,Ho Chi Minh City,2020,1,0.4925,3.161,24.2,green
VNSGN,Ho Chi Minh City,2020,2,0.5526,3.319,24.1,green
VNSGN,Ho Chi Minh City,2020,3,0.502,3.356,22.5,green
VNSGN,Ho Chi Minh City,2020,4,0.5332,4.152,26.4,green
VNSGN,Ho Chi Minh City,2020,5,0.5637,4.097,27.4,green
VNSGN,Ho Chi Minh City,2020,6,0.6351,4.056,30.3,green
VNSGN,Ho Chi Minh City,2020,7,0.6295,4.561,32.0,green
VNSGN,Ho Chi Minh City,2020,8,0.5942,4.446,30.0,green
VNSGN,Ho Chi Minh City,2020,9,0.5325,4.519,28.5,green
VNSGN,Ho Chi Minh City,2020,10,0.5319,3.457,23.8,green
VNSGN,Ho Chi Minh City,2020,11,0.575,3.414,25.1,green
VNSGN,Ho Chi Minh City,2020,12,0.5494,3.482,24.0,green
VNSGN,Ho Chi Minh City,2021,1,0.5679,3.451,25.3,green
VNSGN,Ho Chi Minh City,2021,2,0.5863,3.581,26.5,green
VNSGN,Ho Chi Minh City,2021,3,0.5808,3.334,25.4,green
VNSGN,Ho Chi Minh City,2021,4,0.5371,3.351,24.2,green
VNSGN,Ho Chi Minh City,2021,5,0.5319,3.133,23.3,green
VNSGN,Ho Chi Minh City,2021,6,0.5391,3.279,23.3,green
VNSGN,Ho Chi Minh City,2021,7,0.5638,3.541,24.6,green
VNSGN,Ho Chi Minh City,2021,8,0.5448,2.994,23.1,green
VNSGN,Ho Chi Minh City,2021,9,0.5357,3.01,22.3,green
VNSGN,Ho Chi Minh City,2021,10,0.5192,2.956,21.4,green
VNSGN,Ho Chi Minh City,2021,11,0.4909,3.093,21.2,green
VNSGN,Ho Chi Minh City,2021,12,0.5266,3.357,24.7,green
VNSGN,Ho Chi Minh City,2022,1,0.5208,2.892,24.2,green
VNSGN,Ho Chi Minh City,2022,2,0.5744,3.849,34.4,amber
VNSGN,Ho Chi Minh City,2022,3,0.6591,3.139,39.2,amber
VNSGN,Ho Chi Minh City,2022,4,0.556,2.959,28.6,green
VNSGN,Ho Chi Minh City,2022,5,0.511,2.664,23.0,green
VNSGN,Ho Chi Minh City,2022,6,0.503,3.079,23.9,green
VNSGN,Ho Chi Minh City,2022,7,0.4987,2.872,22.1,green
VNSGN,Ho Chi Minh City,2022,8,0.4926,3.015,23.3,green
VNSGN,Ho Chi Minh City,2022,9,0.4801,2.366,20.0,green
VNSGN,Ho Chi Minh City,2022,10,0.4825,2.436,21.0,green
VNSGN,Ho Chi Minh City,2022,11,0.4854,2.63,20.5,green
VNSGN,Ho Chi Minh City,2022,12,0.4784,2.641,20.0,green
VNSGN,Ho Chi Minh City,2023,1,0.5178,2.772,21.8,green
VNSGN,Ho Chi Minh City,2023,2,0.4895,2.722,21.3,green
VNSGN,Ho Chi Minh City,2023,3,0.5028,2.564,20.4,green
VNSGN,Ho Chi Minh City,2023,4,0.4871,2.552,19.8,green
VNSGN,Ho Chi Minh City,2023,5,0.523,2.538,21.3,green
VNSGN,Ho Chi Minh City,2023,6,0.5056,2.371,20.0,green
VNSGN,Ho Chi Minh City,2023,7,0.507,2.463,20.2,green
VNSGN,Ho Chi Minh City,2023,8,0.5152,2.542,20.6,green
VNSGN,Ho Chi Minh City,2023,9,0.5215,2.236,19.4,green
VNSGN,Ho Chi Minh City,2023,10,0.4914,2.847,25.8,green
VNSGN,Ho Chi Minh City,2023,11,0.4564,2.619,21.3,green
VNSGN,Ho Chi Minh City,2023,12,0.4646,2.655,21.1,green
VNSGN,Ho Chi Minh City,2024,1,0.4973,2.788,23.9,green
VNSGN,Ho Chi Minh City,2024,2,0.4514,2.62,20.6,green
VNSGN,Ho Chi Minh City,2024,3,0.4659,2.488,20.0,green
VNSGN,Ho Chi Minh City,2024,4,0.5163,3.289,27.0,green
VNSGN,Ho Chi Minh City,2024,5,0.5356,2.809,24.0,green
VNSGN,Ho Chi Minh City,2024,6,0.4985,2.541,20.5,green
VNSGN,Ho Chi Minh City,2024,7,0.5329,2.576,21.0,green
VNSGN,Ho Chi Minh City,2024,8,0.4951,2.373,21.1,green
VNSGN,Ho Chi Minh City,2024,9,0.4681,2.345,19.3,green
VNSGN,Ho Chi Minh City,2024,10,0.4606,2.566,20.0,green
VNSGN,Ho Chi Minh City,2024,11,0.4709,2.46,19.8,green
VNSGN,Ho Chi Minh City,2024,12,0.4675,2.562,20.8,green
THLCH,Laem Chabang,2020,1,0.302,1.456,9.2,green
THLCH,Laem Chabang,2020,2,0.2784,1.316,4.4,green
THLCH,Laem Chabang,2020,3,0.258,1.27,3.7,green
THLCH,Laem Chabang,2020,4,0.3125,1.33,5.6,green
THLCH,Laem Chabang,2020,5,0.3615,1.269,7.3,green
THLCH,Laem Chabang,2020,6,0.3391,1.289,6.6,green
THLCH,Laem Chabang,2020,7,0.3513,1.288,6.8,green
THLCH,Laem Chabang,2020,8,0.327,1.304,5.8,green
THLCH,Laem Chabang,2020,9,0.4238,1.32,10.6,green
THLCH,Laem Chabang,2020,10,0.2944,1.391,5.4,green
THLCH,Laem Chabang,2020,11,0.3365,1.364,6.7,green
THLCH,Laem Chabang,2020,12,0.3428,1.356,6.6,green
THLCH,Laem Chabang,2021,1,0.4565,1.865,14.1,green
THLCH,Laem Chabang,2021,2,0.4361,2.37,15.2,green
THLCH,Laem Chabang,2021,3,0.4334,2.01,13.8,green
THLCH,Laem Chabang,2021,4,0.4178,1.686,12.3,green
THLCH,Laem Chabang,2021,5,0.4529,1.621,13.8,green
THLCH,Laem Chabang,2021,6,0.4565,2.142,15.1,green
THLCH,Laem Chabang,2021,7,0.4526,2.163,14.2,green
THLCH,Laem Chabang,2021,8,0.4389,1.583,12.8,green
THLCH,Laem Chabang,2021,9,0.4484,2.063,14.8,green
THLCH,Laem Chabang,2021,10,0.4426,1.888,15.8,green
THLCH,Laem Chabang,2021,11,0.4419,1.927,16.4,green
THLCH,Laem Chabang,2021,12,0.4437,1.68,16.3,green
THLCH,Laem Chabang,2022,1,0.3798,1.792,15.1,green
THLCH,Laem Chabang,2022,2,0.4461,2.485,24.7,green
THLCH,Laem Chabang,2022,3,0.4526,2.805,31.2,green
THLCH,Laem Chabang,2022,4,0.43,1.923,21.5,green
THLCH,Laem Chabang,2022,5,0.3833,1.765,16.4,green
THLCH,Laem Chabang,2022,6,0.3642,1.666,14.1,green
THLCH,Laem Chabang,2022,7,0.3787,1.631,14.5,green
THLCH,Laem Chabang,2022,8,0.3754,1.641,14.9,green
THLCH,Laem Chabang,2022,9,0.3789,1.607,14.8,green
THLCH,Laem Chabang,2022,10,0.4193,1.77,17.2,green
THLCH,Laem Chabang,2022,11,0.4317,1.963,16.5,green
THLCH,Laem Chabang,2022,12,0.4228,1.842,16.9,green
THLCH,Laem Chabang,2023,1,0.4232,1.694,15.3,green
THLCH,Laem Chabang,2023,2,0.3969,1.703,14.8,green
THLCH,Laem Chabang,2023,3,0.394,1.752,14.4,green
THLCH,Laem Chabang,2023,4,0.3738,1.723,13.4,green
THLCH,Laem Chabang,2023,5,0.3697,1.636,12.9,green
THLCH,Laem Chabang,2023,6,0.3785,1.518,13.3,green
THLCH,Laem Chabang,2023,7,0.3747,1.522,13.2,green
THLCH,Laem Chabang,2023,8,0.3961,1.59,14.0,green
THLCH,Laem Chabang,2023,9,0.3876,1.611,13.9,green
THLCH,Laem Chabang,2023,10,0.3993,1.954,19.4,green
THLCH,Laem Chabang,2023,11,0.397,1.762,17.4,green
THLCH,Laem Chabang,2023,12,0.4212,1.881,18.4,green
THLCH,Laem Chabang,2024,1,0.3946,1.813,17.1,green
THLCH,Laem Chabang,2024,2,0.3883,1.85,16.5,green
THLCH,Laem Chabang,2024,3,0.3905,1.727,15.9,green
THLCH,Laem Chabang,2024,4,0.3955,1.888,18.1,green
THLCH,Laem Chabang,2024,5,0.3988,1.847,16.5,green
THLCH,Laem Chabang,2024,6,0.379,1.56,14.0,green
THLCH,Laem Chabang,2024,7,0.4324,1.557,14.8,green
THLCH,Laem Chabang,2024,8,0.3727,1.621,14.8,green
THLCH,Laem Chabang,2024,9,0.3781,1.613,14.7,green
THLCH,Laem Chabang,2024,10,0.3827,1.899,15.1,green
THLCH,Laem Chabang,2024,11,0.4118,1.805,16.6,green
THLCH,Laem Chabang,2024,12,0.4072,1.979,17.6,green
LKCMB,Colombo,2020,1,0.3081,1.449,9.4,green
LKCMB,Colombo,2020,2,0.2712,1.309,4.1,green
LKCMB,Colombo,2020,3,0.2517,1.318,3.6,green
LKCMB,Colombo,2020,4,0.4121,1.33,9.6,green
LKCMB,Colombo,2020,5,0.4265,1.348,10.3,green
LKCMB,Colombo,2020,6,0.4276,1.324,10.4,green
LKCMB,Colombo,2020,7,0.389,1.361,8.7,green
LKCMB,Colombo,2020,8,0.3778,1.32,8.0,green
LKCMB,Colombo,2020,9,0.3929,1.316,9.4,green
LKCMB,Colombo,2020,10,0.3075,1.323,5.7,green
LKCMB,Colombo,2020,11,0.3366,1.254,6.3,green
LKCMB,Colombo,2020,12,0.3178,1.25,5.2,green
LKCMB,Colombo,2021,1,0.4594,2.024,14.9,green
LKCMB,Colombo,2021,2,0.446,2.584,16.5,green
LKCMB,Colombo,2021,3,0.4839,2.091,16.3,green
LKCMB,Colombo,2021,4,0.4414,1.948,14.4,green
LKCMB,Colombo,2021,5,0.436,1.732,13.5,green
LKCMB,Colombo,2021,6,0.4619,1.935,14.5,green
LKCMB,Colombo,2021,7,0.4063,2.288,12.9,green
LKCMB,Colombo,2021,8,0.4361,1.66,13.0,green
LKCMB,Colombo,2021,9,0.4639,1.967,15.0,green
LKCMB,Colombo,2021,10,0.4571,2.257,22.8,green
LKCMB,Colombo,2021,11,0.4515,1.777,19.0,green
LKCMB,Colombo,2021,12,0.4438,1.804,18.1,green
LKCMB,Colombo,2022,1,0.3961,1.684,16.6,green
LKCMB,Colombo,2022,2,0.4383,2.385,25.8,green
LKCMB,Colombo,2022,3,0.4675,2.276,31.1,green
LKCMB,Colombo,2022,4,0.3664,1.805,19.2,green
LKCMB,Colombo,2022,5,0.3281,1.955,19.7,green
LKCMB,Colombo,2022,6,0.372,1.975,20.7,green
LKCMB,Colombo,2022,7,0.4672,2.227,27.2,green
LKCMB,Colombo,2022,8,0.3418,1.992,20.1,green
LKCMB,Colombo,2022,9,0.3731,1.749,19.7,green
LKCMB,Colombo,2022,10,0.3759,2.153,21.5,green
LKCMB,Colombo,2022,11,0.3739,1.801,15.7,green
LKCMB,Colombo,2022,12,0.3523,2.301,17.5,green
LKCMB,Colombo,2023,1,0.4294,1.706,16.5,green
LKCMB,Colombo,2023,2,0.3475,1.756,14.5,green
LKCMB,Colombo,2023,3,0.3837,1.729,15.5,green
LKCMB,Colombo,2023,4,0.3354,1.626,12.7,green
LKCMB,Colombo,2023,5,0.3875,1.645,16.6,green
LKCMB,Colombo,2023,6,0.3826,1.673,18.1,green
LKCMB,Colombo,2023,7,0.3911,1.736,19.5,green
LKCMB,Colombo,2023,8,0.3811,1.643,16.8,green
LKCMB,Colombo,2023,9,0.3916,1.548,16.3,green
LKCMB,Colombo,2023,10,0.3752,2.098,21.8,green
LKCMB,Colombo,2023,11,0.3944,1.731,18.0,green
LKCMB,Colombo,2023,12,0.4328,1.887,19.9,green
LKCMB,Colombo,2024,1,0.5419,3.295,31.1,green
LKCMB,Colombo,2024,2,0.5402,2.808,27.7,green
LKCMB,Colombo,2024,3,0.5175,3.295,30.3,green
LKCMB,Colombo,2024,4,0.5576,4.96,40.1,amber
LKCMB,Colombo,2024,5,0.5791,2.948,34.5,amber
LKCMB,Colombo,2024,6,0.5315,2.823,29.0,green
LKCMB,Colombo,2024,7,0.5302,2.873,27.5,green
LKCMB,Colombo,2024,8,0.4848,2.688,27.7,green
LKCMB,Colombo,2024,9,0.4868,2.754,27.5,green
LKCMB,Colombo,2024,10,0.5644,2.994,33.1,amber
LKCMB,Colombo,2024,11,0.5202,2.892,28.4,green
LKCMB,Colombo,2024,12,0.5281,2.897,29.6,green
INBOM,Mumbai,2020,1,0.4621,2.032,18.2,green
INBOM,Mumbai,2020,2,0.4308,2.273,14.7,green
INBOM,Mumbai,2020,3,0.439,1.801,13.3,green
INBOM,Mumbai,2020,4,0.5095,2.68,19.3,green
INBOM,Mumbai,2020,5,0.455,2.632,16.8,green
INBOM,Mumbai,2020,6,0.4342,2.35,14.9,green
INBOM,Mumbai,2020,7,0.4734,2.47,16.8,green
INBOM,Mumbai,2020,8,0.4095,2.491,14.2,green
INBOM,Mumbai,2020,9,0.4603,2.555,17.3,green
INBOM,Mumbai,2020,10,0.4622,1.921,14.5,green
INBOM,Mumbai,2020,11,0.5068,2.275,17.5,green
INBOM,Mumbai,2020,12,0.3831,2.379,12.6,green
INBOM,Mumbai,2021,1,0.4582,1.972,14.6,green
INBOM,Mumbai,2021,2,0.469,2.531,17.3,green
INBOM,Mumbai,2021,3,0.4668,2.478,17.2,green
INBOM,Mumbai,2021,4,0.4352,1.906,14.0,green
INBOM,Mumbai,2021,5,0.4307,1.83,13.7,green
INBOM,Mumbai,2021,6,0.4616,2.082,15.1,green
INBOM,Mumbai,2021,7,0.3586,2.339,11.1,green
INBOM,Mumbai,2021,8,0.4176,1.637,12.2,green
INBOM,Mumbai,2021,9,0.3932,2.095,12.7,green
INBOM,Mumbai,2021,10,0.4745,1.836,18.0,green
INBOM,Mumbai,2021,11,0.4364,1.985,16.5,green
INBOM,Mumbai,2021,12,0.4332,2.386,20.8,green
INBOM,Mumbai,2022,1,0.4507,2.407,24.1,green
INBOM,Mumbai,2022,2,0.4687,3.753,32.0,green
INBOM,Mumbai,2022,3,0.5778,4.165,43.0,amber
INBOM,Mumbai,2022,4,0.5206,3.616,32.4,green
INBOM,Mumbai,2022,5,0.5219,3.172,29.7,green
INBOM,Mumbai,2022,6,0.5435,2.891,32.0,green
INBOM,Mumbai,2022,7,0.591,3.163,36.5,amber
INBOM,Mumbai,2022,8,0.6051,3.187,38.6,amber
INBOM,Mumbai,2022,9,0.4708,3.286,29.0,green
INBOM,Mumbai,2022,10,0.4973,2.801,26.1,green
INBOM,Mumbai,2022,11,0.4941,2.963,24.6,green
INBOM,Mumbai,2022,12,0.4915,2.981,24.2,green
INBOM,Mumbai,2023,1,0.5254,3.114,26.8,green
INBOM,Mumbai,2023,2,0.4796,3.111,25.1,green
INBOM,Mumbai,2023,3,0.485,3.022,24.0,green
INBOM,Mumbai,2023,4,0.4502,2.979,22.7,green
INBOM,Mumbai,2023,5,0.4682,3.074,24.3,green
INBOM,Mumbai,2023,6,0.4948,3.184,33.1,amber
INBOM,Mumbai,2023,7,0.5135,3.211,32.2,green
INBOM,Mumbai,2023,8,0.4381,2.896,25.4,green
INBOM,Mumbai,2023,9,0.4023,2.406,20.0,green
INBOM,Mumbai,2023,10,0.4773,2.871,28.3,green
INBOM,Mumbai,2023,11,0.4295,2.811,22.9,green
INBOM,Mumbai,2023,12,0.4277,2.775,22.7,green
INBOM,Mumbai,2024,1,0.4005,2.167,20.0,green
INBOM,Mumbai,2024,2,0.2739,1.755,12.8,green
INBOM,Mumbai,2024,3,0.3102,1.907,14.2,green
INBOM,Mumbai,2024,4,0.4001,1.694,18.6,green
INBOM,Mumbai,2024,5,0.3078,1.925,16.3,green
INBOM,Mumbai,2024,6,0.3385,1.877,19.7,green
INBOM,Mumbai,2024,7,0.3924,1.97,22.1,green
INBOM,Mumbai,2024,8,0.3436,1.87,21.1,green
INBOM,Mumbai,2024,9,0.3129,1.721,16.0,green
INBOM,Mumbai,2024,10,0.3528,1.625,14.5,green
INBOM,Mumbai,2024,11,0.3003,1.501,10.5,green
INBOM,Mumbai,2024,12,0.2898,1.534,12.3,green
NLRTM,Rotterdam,2020,1,0.421,2.007,16.4,green
NLRTM,Rotterdam,2020,2,0.4318,2.025,13.7,green
NLRTM,Rotterdam,2020,3,0.4083,1.789,12.0,green
NLRTM,Rotterdam,2020,4,0.4846,2.37,17.0,green
NLRTM,Rotterdam,2020,5,0.467,2.388,16.3,green
NLRTM,Rotterdam,2020,6,0.4732,2.355,16.5,green
NLRTM,Rotterdam,2020,7,0.4786,2.567,17.4,green
NLRTM,Rotterdam,2020,8,0.5001,2.483,17.9,green
NLRTM,Rotterdam,2020,9,0.4909,2.641,18.9,green
NLRTM,Rotterdam,2020,10,0.4388,2.387,15.5,green
NLRTM,Rotterdam,2020,11,0.442,2.197,14.5,green
NLRTM,Rotterdam,2020,12,0.4074,1.908,11.6,green
NLRTM,Rotterdam,2021,1,0.5441,6.116,35.5,amber
NLRTM,Rotterdam,2021,2,0.6349,7.045,43.0,amber
NLRTM,Rotterdam,2021,3,0.6756,6.474,42.5,amber
NLRTM,Rotterdam,2021,4,0.6476,5.424,37.4,amber
NLRTM,Rotterdam,2021,5,0.6712,6.108,41.5,amber
NLRTM,Rotterdam,2021,6,0.6713,5.506,38.0,amber
NLRTM,Rotterdam,2021,7,0.6675,4.733,33.8,amber
NLRTM,Rotterdam,2021,8,0.6646,4.784,35.5,amber
NLRTM,Rotterdam,2021,9,0.657,4.958,35.5,amber
NLRTM,Rotterdam,2021,10,0.6387,4.588,33.1,amber
NLRTM,Rotterdam,2021,11,0.6245,5.062,34.9,amber
NLRTM,Rotterdam,2021,12,0.6594,5.887,40.7,amber
NLRTM,Rotterdam,2022,1,0.5847,3.054,27.5,green
NLRTM,Rotterdam,2022,2,0.6238,7.144,50.2,amber
NLRTM,Rotterdam,2022,3,0.6342,6.774,53.4,amber
NLRTM,Rotterdam,2022,4,0.583,5.114,38.8,amber
NLRTM,Rotterdam,2022,5,0.5986,3.752,31.2,green
NLRTM,Rotterdam,2022,6,0.5833,3.811,30.2,green
NLRTM,Rotterdam,2022,7,0.5814,4.069,30.5,green
NLRTM,Rotterdam,2022,8,0.5748,3.893,30.3,green
NLRTM,Rotterdam,2022,9,0.5618,3.748,29.1,green
NLRTM,Rotterdam,2022,10,0.5331,4.048,29.8,green
NLRTM,Rotterdam,2022,11,0.5643,4.393,31.2,green
NLRTM,Rotterdam,2022,12,0.5869,4.53,32.4,green
NLRTM,Rotterdam,2023,1,0.4613,2.963,20.3,green
NLRTM,Rotterdam,2023,2,0.4202,2.87,19.1,green
NLRTM,Rotterdam,2023,3,0.4443,2.163,16.3,green
NLRTM,Rotterdam,2023,4,0.4349,2.738,18.4,green
NLRTM,Rotterdam,2023,5,0.4359,2.652,18.2,green
NLRTM,Rotterdam,2023,6,0.4247,2.469,17.0,green
NLRTM,Rotterdam,2023,7,0.4245,2.534,17.2,green
NLRTM,Rotterdam,2023,8,0.4836,2.568,19.4,green
NLRTM,Rotterdam,2023,9,0.4303,2.391,16.3,green
NLRTM,Rotterdam,2023,10,0.4426,3.275,25.6,green
NLRTM,Rotterdam,2023,11,0.4487,3.16,23.3,green
NLRTM,Rotterdam,2023,12,0.4431,2.542,19.7,green
NLRTM,Rotterdam,2024,1,0.5229,3.856,29.4,green
NLRTM,Rotterdam,2024,2,0.4638,2.845,22.1,green
NLRTM,Rotterdam,2024,3,0.4777,2.804,21.8,green
NLRTM,Rotterdam,2024,4,0.5554,4.296,32.8,green
NLRTM,Rotterdam,2024,5,0.4896,2.807,22.2,green
NLRTM,Rotterdam,2024,6,0.5037,2.87,22.1,green
NLRTM,Rotterdam,2024,7,0.5507,2.969,23.4,green
NLRTM,Rotterdam,2024,8,0.4922,2.861,23.0,green
NLRTM,Rotterdam,2024,9,0.4742,2.652,20.9,green
NLRTM,Rotterdam,2024,10,0.4989,2.776,22.4,green
NLRTM,Rotterdam,2024,11,0.479,2.757,21.4,green
NLRTM,Rotterdam,2024,12,0.4971,2.819,23.1,green
BEANR,Antwerp,2020,1,0.2972,1.574,9.5,green
BEANR,Antwerp,2020,2,0.2748,1.274,4.1,green
BEANR,Antwerp,2020,3,0.2765,1.315,4.6,green
BEANR,Antwerp,2020,4,0.3592,1.369,7.6,green
BEANR,Antwerp,2020,5,0.3141,1.399,5.9,green
BEANR,Antwerp,2020,6,0.31,1.354,5.7,green
BEANR,Antwerp,2020,7,0.3664,1.349,7.7,green
BEANR,Antwerp,2020,8,0.3816,1.359,8.3,green
BEANR,Antwerp,2020,9,0.4101,1.422,10.5,green
BEANR,Antwerp,2020,10,0.2763,1.376,4.6,green
BEANR,Antwerp,2020,11,0.2933,1.379,5.0,green
BEANR,Antwerp,2020,12,0.2627,1.443,3.7,green
BEANR,Antwerp,2021,1,0.649,3.931,30.7,green
BEANR,Antwerp,2021,2,0.6007,4.449,30.7,green
BEANR,Antwerp,2021,3,0.5929,4.033,28.9,green
BEANR,Antwerp,2021,4,0.5074,3.961,25.6,green
BEANR,Antwerp,2021,5,0.5472,2.874,22.9,green
BEANR,Antwerp,2021,6,0.5428,3.962,26.3,green
BEANR,Antwerp,2021,7,0.5327,3.732,24.1,green
BEANR,Antwerp,2021,8,0.555,3.072,23.8,green
BEANR,Antwerp,2021,9,0.547,3.335,24.2,green
BEANR,Antwerp,2021,10,0.5335,3.658,24.9,green
BEANR,Antwerp,2021,11,0.555,3.402,25.1,green
BEANR,Antwerp,2021,12,0.5489,3.57,26.5,green
BEANR,Antwerp,2022,1,0.5249,2.352,22.1,green
BEANR,Antwerp,2022,2,0.5593,4.383,36.0,amber
BEANR,Antwerp,2022,3,0.7114,4.785,48.2,amber
BEANR,Antwerp,2022,4,0.6437,4.269,37.7,amber
BEANR,Antwerp,2022,5,0.5219,2.214,21.6,green
BEANR,Antwerp,2022,6,0.5244,2.208,21.1,green
BEANR,Antwerp,2022,7,0.5061,2.466,20.7,green
BEANR,Antwerp,2022,8,0.5025,2.803,22.8,green
BEANR,Antwerp,2022,9,0.4859,2.445,20.6,green
BEANR,Antwerp,2022,10,0.4876,2.475,21.3,green
BEANR,Antwerp,2022,11,0.4907,2.716,21.1,green
BEANR,Antwerp,2022,12,0.4809,2.718,20.4,green
BEANR,Antwerp,2023,1,0.4059,1.893,13.5,green
BEANR,Antwerp,2023,2,0.3905,1.814,13.4,green
BEANR,Antwerp,2023,3,0.4051,1.837,13.3,green
BEANR,Antwerp,2023,4,0.3753,1.812,12.1,green
BEANR,Antwerp,2023,5,0.3688,1.588,11.0,green
BEANR,Antwerp,2023,6,0.3687,1.628,11.2,green
BEANR,Antwerp,2023,7,0.3536,1.581,10.3,green
BEANR,Antwerp,2023,8,0.3914,1.469,11.0,green
BEANR,Antwerp,2023,9,0.3939,1.506,11.1,green
BEANR,Antwerp,2023,10,0.4488,2.105,21.0,green
BEANR,Antwerp,2023,11,0.4121,1.978,16.8,green
BEANR,Antwerp,2023,12,0.4289,1.872,16.3,green
BEANR,Antwerp,2024,1,0.5005,2.706,23.7,green
BEANR,Antwerp,2024,2,0.4743,2.576,21.4,green
BEANR,Antwerp,2024,3,0.4589,2.346,19.1,green
BEANR,Antwerp,2024,4,0.5528,3.65,30.0,green
BEANR,Antwerp,2024,5,0.4854,2.4,20.3,green
BEANR,Antwerp,2024,6,0.4775,2.549,19.7,green
BEANR,Antwerp,2024,7,0.5469,2.482,21.2,green
BEANR,Antwerp,2024,8,0.4637,2.412,20.0,green
BEANR,Antwerp,2024,9,0.4663,2.305,19.1,green
BEANR,Antwerp,2024,10,0.4679,2.449,19.8,green
BEANR,Antwerp,2024,11,0.4631,2.568,20.0,green
BEANR,Antwerp,2024,12,0.4817,2.447,20.9,green
DEHAM,Hamburg,2020,1,0.4275,1.905,16.2,green
DEHAM,Hamburg,2020,2,0.4242,1.825,12.6,green
DEHAM,Hamburg,2020,3,0.3915,1.776,11.3,green
DEHAM,Hamburg,2020,4,0.4931,2.491,17.8,green
DEHAM,Hamburg,2020,5,0.4613,2.803,17.8,green
DEHAM,Hamburg,2020,6,0.4487,2.793,17.4,green
DEHAM,Hamburg,2020,7,0.4876,2.728,18.5,green
DEHAM,Hamburg,2020,8,0.4957,2.368,17.2,green
DEHAM,Hamburg,2020,9,0.4909,2.887,20.0,green
DEHAM,Hamburg,2020,10,0.4514,2.086,14.8,green
DEHAM,Hamburg,2020,11,0.4371,2.275,14.7,green
DEHAM,Hamburg,2020,12,0.4227,2.033,12.8,green
DEHAM,Hamburg,2021,1,0.6088,3.344,26.6,green
DEHAM,Hamburg,2021,2,0.5992,3.289,25.8,green
DEHAM,Hamburg,2021,3,0.5644,3.792,26.7,green
DEHAM,Hamburg,2021,4,0.5074,3.335,22.9,green
DEHAM,Hamburg,2021,5,0.5185,3.38,23.8,green
DEHAM,Hamburg,2021,6,0.5186,3.634,23.9,green
DEHAM,Hamburg,2021,7,0.5846,3.604,25.7,green
DEHAM,Hamburg,2021,8,0.5441,3.563,25.5,green
DEHAM,Hamburg,2021,9,0.5479,3.456,24.7,green
DEHAM,Hamburg,2021,10,0.5228,3.361,23.2,green
DEHAM,Hamburg,2021,11,0.5133,3.219,22.6,green
DEHAM,Hamburg,2021,12,0.4962,3.512,24.1,green
DEHAM,Hamburg,2022,1,0.5564,3.041,26.3,green
DEHAM,Hamburg,2022,2,0.6633,8.278,56.6,amber
DEHAM,Hamburg,2022,3,0.661,6.363,52.8,amber
DEHAM,Hamburg,2022,4,0.5933,3.884,34.0,amber
DEHAM,Hamburg,2022,5,0.5899,3.071,28.0,green
DEHAM,Hamburg,2022,6,0.5836,2.88,26.3,green
DEHAM,Hamburg,2022,7,0.5786,3.164,26.6,green
DEHAM,Hamburg,2022,8,0.5834,3.287,28.1,green
DEHAM,Hamburg,2022,9,0.5504,2.836,24.8,green
DEHAM,Hamburg,2022,10,0.5724,3.501,29.1,green
DEHAM,Hamburg,2022,11,0.5932,3.529,28.7,green
DEHAM,Hamburg,2022,12,0.5887,3.721,29.1,green
DEHAM,Hamburg,2023,1,0.5088,2.988,22.4,green
DEHAM,Hamburg,2023,2,0.4607,3.025,21.4,green
DEHAM,Hamburg,2023,3,0.5121,2.992,22.6,green
DEHAM,Hamburg,2023,4,0.4912,2.843,21.2,green
DEHAM,Hamburg,2023,5,0.4773,2.914,21.0,green
DEHAM,Hamburg,2023,6,0.488,2.529,19.9,green
DEHAM,Hamburg,2023,7,0.4944,2.602,20.3,green
DEHAM,Hamburg,2023,8,0.4748,2.635,19.3,green
DEHAM,Hamburg,2023,9,0.4367,2.559,17.3,green
DEHAM,Hamburg,2023,10,0.4945,3.041,26.8,green
DEHAM,Hamburg,2023,11,0.4913,3.086,24.7,green
DEHAM,Hamburg,2023,12,0.4971,2.793,23.0,green
DEHAM,Hamburg,2024,1,0.5562,4.419,33.2,amber
DEHAM,Hamburg,2024,2,0.5876,2.873,27.3,green
DEHAM,Hamburg,2024,3,0.5911,3.095,27.7,green
DEHAM,Hamburg,2024,4,0.5774,4.682,35.3,amber
DEHAM,Hamburg,2024,5,0.5997,2.905,27.1,green
DEHAM,Hamburg,2024,6,0.5903,3.46,28.1,green
DEHAM,Hamburg,2024,7,0.6191,4.491,32.6,green
DEHAM,Hamburg,2024,8,0.5813,3.207,28.1,green
DEHAM,Hamburg,2024,9,0.5788,2.934,26.3,green
DEHAM,Hamburg,2024,10,0.5865,3.266,28.1,green
DEHAM,Hamburg,2024,11,0.599,2.835,26.7,green
DEHAM,Hamburg,2024,12,0.5962,3.394,29.6,green
GBFXT,Felixstowe,2020,1,0.5011,3.054,24.1,green
GBFXT,Felixstowe,2020,2,0.5703,4.244,28.7,green
GBFXT,Felixstowe,2020,3,0.5629,3.054,23.7,green
GBFXT,Felixstowe,2020,4,0.5975,3.294,25.5,green
GBFXT,Felixstowe,2020,5,0.6143,4.022,29.2,green
GBFXT,Felixstowe,2020,6,0.6266,3.954,29.5,green
GBFXT,Felixstowe,2020,7,0.6153,4.145,29.6,green
GBFXT,Felixstowe,2020,8,0.5623,4.213,27.7,green
GBFXT,Felixstowe,2020,9,0.5441,3.665,25.4,green
GBFXT,Felixstowe,2020,10,0.5425,3.731,25.4,green
GBFXT,Felixstowe,2020,11,0.5928,3.696,27.0,green
GBFXT,Felixstowe,2020,12,0.5293,3.714,24.2,green
GBFXT,Felixstowe,2021,1,0.6302,5.569,36.8,amber
GBFXT,Felixstowe,2021,2,0.653,5.348,36.6,amber
GBFXT,Felixstowe,2021,3,0.6669,6.343,41.6,amber
GBFXT,Felixstowe,2021,4,0.6014,4.723,32.6,green
GBFXT,Felixstowe,2021,5,0.6186,4.872,34.2,amber
GBFXT,Felixstowe,2021,6,0.6454,5.116,35.3,amber
GBFXT,Felixstowe,2021,7,0.6387,5.119,34.3,amber
GBFXT,Felixstowe,2021,8,0.6074,4.789,33.2,amber
GBFXT,Felixstowe,2021,9,0.6415,4.636,33.5,amber
GBFXT,Felixstowe,2021,10,0.7058,5.426,44.3,amber
GBFXT,Felixstowe,2021,11,0.6089,5.041,36.9,amber
GBFXT,Felixstowe,2021,12,0.6898,5.608,45.2,amber
GBFXT,Felixstowe,2022,1,0.5548,2.993,28.4,green
GBFXT,Felixstowe,2022,2,0.6357,7.268,55.5,amber
GBFXT,Felixstowe,2022,3,0.627,7.505,59.8,amber
GBFXT,Felixstowe,2022,4,0.5579,5.091,41.3,amber
GBFXT,Felixstowe,2022,5,0.5677,3.813,32.7,green
GBFXT,Felixstowe,2022,6,0.5671,4.415,34.8,amber
GBFXT,Felixstowe,2022,7,0.5714,4.129,32.4,green
GBFXT,Felixstowe,2022,8,0.5513,4.077,33.4,amber
GBFXT,Felixstowe,2022,9,0.5484,4.145,33.1,amber
GBFXT,Felixstowe,2022,10,0.5791,4.084,34.8,amber
GBFXT,Felixstowe,2022,11,0.566,4.159,34.4,amber
GBFXT,Felixstowe,2022,12,0.5668,4.053,33.6,amber
GBFXT,Felixstowe,2023,1,0.5111,2.78,25.2,green
GBFXT,Felixstowe,2023,2,0.4837,2.62,22.9,green
GBFXT,Felixstowe,2023,3,0.5226,2.522,24.6,green
GBFXT,Felixstowe,2023,4,0.5039,2.052,21.6,green
GBFXT,Felixstowe,2023,5,0.4709,2.163,20.5,green
GBFXT,Felixstowe,2023,6,0.4713,2.193,20.1,green
GBFXT,Felixstowe,2023,7,0.4665,2.056,19.8,green
GBFXT,Felixstowe,2023,8,0.4939,2.152,20.6,green
GBFXT,Felixstowe,2023,9,0.4716,1.959,20.1,green
GBFXT,Felixstowe,2023,10,0.4806,2.764,29.4,green
GBFXT,Felixstowe,2023,11,0.5365,4.042,36.2,amber
GBFXT,Felixstowe,2023,12,0.5343,2.692,27.8,green
GBFXT,Felixstowe,2024,1,0.6035,4.881,41.8,amber
GBFXT,Felixstowe,2024,2,0.5708,3.593,33.3,amber
GBFXT,Felixstowe,2024,3,0.5759,3.384,32.1,green
GBFXT,Felixstowe,2024,4,0.5698,5.307,41.2,amber
GBFXT,Felixstowe,2024,5,0.5913,3.863,32.9,green
GBFXT,Felixstowe,2024,6,0.5861,4.054,33.1,amber
GBFXT,Felixstowe,2024,7,0.6042,4.953,36.4,amber
GBFXT,Felixstowe,2024,8,0.5584,4.073,34.1,amber
GBFXT,Felixstowe,2024,9,0.5608,4.037,34.0,amber
GBFXT,Felixstowe,2024,10,0.559,4.206,34.2,amber
GBFXT,Felixstowe,2024,11,0.6091,4.221,37.6,amber
GBFXT,Felixstowe,2024,12,0.5691,4.093,35.4,amber
ESVLC,Valencia,2020,1,0.4461,2.381,19.0,green
ESVLC,Valencia,2020,2,0.4624,2.737,17.9,green
ESVLC,Valencia,2020,3,0.4173,2.831,16.8,green
ESVLC,Valencia,2020,4,0.4731,2.975,19.0,green
ESVLC,Valencia,2020,5,0.4781,3.341,20.7,green
ESVLC,Valencia,2020,6,0.4996,3.069,20.6,green
ESVLC,Valencia,2020,7,0.5009,2.931,19.9,green
ESVLC,Valencia,2020,8,0.5038,2.872,19.7,green
ESVLC,Valencia,2020,9,0.4767,2.75,18.8,green
ESVLC,Valencia,2020,10,0.4242,2.623,15.9,green
ESVLC,Valencia,2020,11,0.4464,2.405,15.6,green
ESVLC,Valencia,2020,12,0.371,2.63,13.1,green
ESVLC,Valencia,2021,1,0.5875,3.383,25.9,green
ESVLC,Valencia,2021,2,0.569,3.874,27.0,green
ESVLC,Valencia,2021,3,0.5765,3.81,27.3,green
ESVLC,Valencia,2021,4,0.5503,3.73,26.3,green
ESVLC,Valencia,2021,5,0.539,3.306,24.3,green
ESVLC,Valencia,2021,6,0.5373,3.44,23.9,green
ESVLC,Valencia,2021,7,0.5403,2.98,21.3,green
ESVLC,Valencia,2021,8,0.5415,2.804,22.2,green
ESVLC,Valencia,2021,9,0.5369,3.125,22.9,green
ESVLC,Valencia,2021,10,0.519,3.007,25.0,green
ESVLC,Valencia,2021,11,0.5169,3.294,28.8,green
ESVLC,Valencia,2021,12,0.5192,3.32,26.6,green
ESVLC,Valencia,2022,1,0.6131,3.745,34.4,amber
ESVLC,Valencia,2022,2,0.6663,6.817,53.9,amber
ESVLC,Valencia,2022,3,0.7366,7.484,67.4,red
ESVLC,Valencia,2022,4,0.6347,6.348,51.0,amber
ESVLC,Valencia,2022,5,0.6114,4.5,38.3,amber
ESVLC,Valencia,2022,6,0.6021,4.381,36.2,amber
ESVLC,Valencia,2022,7,0.5977,4.101,33.6,amber
ESVLC,Valencia,2022,8,0.6041,4.132,35.1,amber
ESVLC,Valencia,2022,9,0.6059,4.194,36.2,amber
ESVLC,Valencia,2022,10,0.5967,4.248,36.2,amber
ESVLC,Valencia,2022,11,0.6011,4.362,35.8,amber
ESVLC,Valencia,2022,12,0.6371,4.259,37.8,amber
ESVLC,Valencia,2023,1,0.5163,2.897,26.6,green
ESVLC,Valencia,2023,2,0.556,3.267,32.9,green
ESVLC,Valencia,2023,3,0.5792,2.487,28.5,green
ESVLC,Valencia,2023,4,0.5082,2.67,23.6,green
ESVLC,Valencia,2023,5,0.4916,2.769,23.9,green
ESVLC,Valencia,2023,6,0.4664,2.603,21.6,green
ESVLC,Valencia,2023,7,0.4757,2.773,22.7,green
ESVLC,Valencia,2023,8,0.5122,2.56,24.1,green
ESVLC,Valencia,2023,9,0.4497,2.58,24.7,green
ESVLC,Valencia,2023,10,0.4662,2.792,27.2,green
ESVLC,Valencia,2023,11,0.4586,2.536,25.8,green
ESVLC,Valencia,2023,12,0.443,2.372,21.3,green
ESVLC,Valencia,2024,1,0.5695,4.946,41.9,amber
ESVLC,Valencia,2024,2,0.6149,4.278,36.7,amber
ESVLC,Valencia,2024,3,0.6016,3.743,34.2,amber
ESVLC,Valencia,2024,4,0.6145,5.836,45.1,amber
ESVLC,Valencia,2024,5,0.5957,4.086,34.4,amber
ESVLC,Valencia,2024,6,0.5973,4.095,34.1,amber
ESVLC,Valencia,2024,7,0.6118,4.927,36.3,amber
ESVLC,Valencia,2024,8,0.5959,4.038,34.6,amber
ESVLC,Valencia,2024,9,0.5886,3.862,33.3,amber
ESVLC,Valencia,2024,10,0.6355,4.367,40.5,amber
ESVLC,Valencia,2024,11,0.6302,4.132,39.0,amber
ESVLC,Valencia,2024,12,0.5939,4.233,36.4,amber
ESALG,Algeciras,2020,1,0.3027,1.438,9.2,green
ESALG,Algeciras,2020,2,0.283,1.443,5.2,green
ESALG,Algeciras,2020,3,0.2939,1.279,5.2,green
ESALG,Algeciras,2020,4,0.3809,1.357,8.5,green
ESALG,Algeciras,2020,5,0.401,1.353,9.2,green
ESALG,Algeciras,2020,6,0.4089,1.308,9.5,green
ESALG,Algeciras,2020,7,0.3604,1.304,7.3,green
ESALG,Algeciras,2020,8,0.3777,1.303,7.9,green
ESALG,Algeciras,2020,9,0.3084,1.377,6.2,green
ESALG,Algeciras,2020,10,0.3153,1.268,5.8,green
ESALG,Algeciras,2020,11,0.3105,1.254,5.2,green
ESALG,Algeciras,2020,12,0.2718,1.253,3.3,green
ESALG,Algeciras,2021,1,0.319,1.487,6.9,green
ESALG,Algeciras,2021,2,0.353,1.466,8.0,green
ESALG,Algeciras,2021,3,0.3127,1.426,6.4,green
ESALG,Algeciras,2021,4,0.3127,1.339,6.6,green
ESALG,Algeciras,2021,5,0.2846,1.262,5.3,green
ESALG,Algeciras,2021,6,0.3065,1.28,5.4,green
ESALG,Algeciras,2021,7,0.2044,1.286,0.4,green
ESALG,Algeciras,2021,8,0.2738,1.253,4.7,green
ESALG,Algeciras,2021,9,0.3479,1.254,7.3,green
ESALG,Algeciras,2021,10,0.3365,1.285,11.1,green
ESALG,Algeciras,2021,11,0.3162,1.322,14.0,green
ESALG,Algeciras,2021,12,0.3222,1.323,15.2,green
ESALG,Algeciras,2022,1,0.2519,1.451,15.1,green
ESALG,Algeciras,2022,2,0.3667,1.419,22.4,green
ESALG,Algeciras,2022,3,0.4617,1.608,31.8,green
ESALG,Algeciras,2022,4,0.4585,1.29,27.9,green
ESALG,Algeciras,2022,5,0.2253,1.275,9.2,green
ESALG,Algeciras,2022,6,0.2617,1.259,9.2,green
ESALG,Algeciras,2022,7,0.2462,1.266,7.5,green
ESALG,Algeciras,2022,8,0.2676,1.255,9.4,green
ESALG,Algeciras,2022,9,0.2261,1.272,9.7,green
ESALG,Algeciras,2022,10,0.2502,1.256,10.2,green
ESALG,Algeciras,2022,11,0.2457,1.252,8.9,green
ESALG,Algeciras,2022,12,0.2529,1.272,9.5,green
ESALG,Algeciras,2023,1,0.1955,1.272,8.5,green
ESALG,Algeciras,2023,2,0.3381,1.309,18.1,green
ESALG,Algeciras,2023,3,0.2218,1.272,7.0,green
ESALG,Algeciras,2023,4,0.2029,1.274,9.1,green
ESALG,Algeciras,2023,5,0.2147,1.255,6.2,green
ESALG,Algeciras,2023,6,0.198,1.219,5.0,green
ESALG,Algeciras,2023,7,0.1985,1.231,4.5,green
ESALG,Algeciras,2023,8,0.2058,1.18,5.2,green
ESALG,Algeciras,2023,9,0.186,1.168,4.1,green
ESALG,Algeciras,2023,10,0.2935,1.266,15.6,green
ESALG,Algeciras,2023,11,0.2184,1.242,8.9,green
ESALG,Algeciras,2023,12,0.2351,1.252,10.2,green
ESALG,Algeciras,2024,1,0.2994,1.27,14.0,green
ESALG,Algeciras,2024,2,0.2196,1.296,9.3,green
ESALG,Algeciras,2024,3,0.2601,1.311,14.3,green
ESALG,Algeciras,2024,4,0.3271,1.286,15.4,green
ESALG,Algeciras,2024,5,0.2448,1.27,9.3,green
ESALG,Algeciras,2024,6,0.2274,1.263,7.2,green
ESALG,Algeciras,2024,7,0.2705,1.286,7.3,green
ESALG,Algeciras,2024,8,0.2337,1.245,8.9,green
ESALG,Algeciras,2024,9,0.2112,1.26,8.8,green
ESALG,Algeciras,2024,10,0.2407,1.213,10.2,green
ESALG,Algeciras,2024,11,0.2237,1.221,9.0,green
ESALG,Algeciras,2024,12,0.2733,1.206,14.6,green
GRPIR,Piraeus,2020,1,0.4471,2.029,17.6,green
GRPIR,Piraeus,2020,2,0.413,2.491,14.9,green
GRPIR,Piraeus,2020,3,0.3852,1.78,11.1,green
GRPIR,Piraeus,2020,4,0.5134,2.423,18.4,green
GRPIR,Piraeus,2020,5,0.473,2.617,17.5,green
GRPIR,Piraeus,2020,6,0.4199,2.393,14.5,green
GRPIR,Piraeus,2020,7,0.5024,2.114,16.5,green
GRPIR,Piraeus,2020,8,0.4238,2.289,13.9,green
GRPIR,Piraeus,2020,9,0.4712,2.451,17.3,green
GRPIR,Piraeus,2020,10,0.4605,2.364,16.3,green
GRPIR,Piraeus,2020,11,0.4632,1.94,14.3,green
GRPIR,Piraeus,2020,12,0.4326,2.385,14.6,green
GRPIR,Piraeus,2021,1,0.5385,3.003,22.3,green
GRPIR,Piraeus,2021,2,0.549,3.048,22.7,green
GRPIR,Piraeus,2021,3,0.5734,3.541,26.0,green
GRPIR,Piraeus,2021,4,0.5453,3.087,23.4,green
GRPIR,Piraeus,2021,5,0.5379,2.883,22.5,green
GRPIR,Piraeus,2021,6,0.5615,3.554,25.3,green
GRPIR,Piraeus,2021,7,0.4939,3.438,21.3,green
GRPIR,Piraeus,2021,8,0.5286,3.113,22.9,green
GRPIR,Piraeus,2021,9,0.5223,3.333,23.1,green
GRPIR,Piraeus,2021,10,0.5276,2.899,24.3,green
GRPIR,Piraeus,2021,11,0.5219,3.054,25.7,green
GRPIR,Piraeus,2021,12,0.5719,3.463,33.3,amber
GRPIR,Piraeus,2022,1,0.5578,2.898,27.6,green
GRPIR,Piraeus,2022,2,0.5558,3.719,36.7,amber
GRPIR,Piraeus,2022,3,0.6785,4.477,47.8,amber
GRPIR,Piraeus,2022,4,0.5557,4.302,37.8,amber
GRPIR,Piraeus,2022,5,0.5313,3.354,28.4,green
GRPIR,Piraeus,2022,6,0.5432,3.365,29.5,green
GRPIR,Piraeus,2022,7,0.4959,2.846,23.4,green
GRPIR,Piraeus,2022,8,0.5069,2.798,24.1,green
GRPIR,Piraeus,2022,9,0.4745,2.694,23.1,green
GRPIR,Piraeus,2022,10,0.4919,2.539,23.4,green
GRPIR,Piraeus,2022,11,0.4917,2.578,24.6,green
GRPIR,Piraeus,2022,12,0.4897,2.614,23.2,green
GRPIR,Piraeus,2023,1,0.5104,2.485,24.1,green
GRPIR,Piraeus,2023,2,0.4771,2.704,23.2,green
GRPIR,Piraeus,2023,3,0.5108,2.725,23.7,green
GRPIR,Piraeus,2023,4,0.5047,2.674,23.5,green
GRPIR,Piraeus,2023,5,0.4944,2.783,22.4,green
GRPIR,Piraeus,2023,6,0.5046,2.774,22.4,green
GRPIR,Piraeus,2023,7,0.5024,2.743,22.5,green
GRPIR,Piraeus,2023,8,0.5038,2.84,22.9,green
GRPIR,Piraeus,2023,9,0.5154,2.778,22.6,green
GRPIR,Piraeus,2023,10,0.5842,3.471,33.5,amber
GRPIR,Piraeus,2023,11,0.5133,3.847,32.8,green
GRPIR,Piraeus,2023,12,0.5412,2.719,27.3,green
GRPIR,Piraeus,2024,1,0.5349,3.351,31.3,green
GRPIR,Piraeus,2024,2,0.5028,3.11,29.6,green
GRPIR,Piraeus,2024,3,0.4711,3.043,25.0,green
GRPIR,Piraeus,2024,4,0.5223,3.686,31.4,green
GRPIR,Piraeus,2024,5,0.5355,3.245,28.3,green
GRPIR,Piraeus,2024,6,0.5175,2.772,23.9,green
GRPIR,Piraeus,2024,7,0.543,3.123,24.8,green
GRPIR,Piraeus,2024,8,0.5054,2.778,24.2,green
GRPIR,Piraeus,2024,9,0.4721,2.859,23.8,green
GRPIR,Piraeus,2024,10,0.5395,3.014,26.8,green
GRPIR,Piraeus,2024,11,0.4943,2.952,26.9,green
GRPIR,Piraeus,2024,12,0.4923,2.765,26.8,green
ITGOA,Genoa,2020,1,0.4878,2.928,23.0,green
ITGOA,Genoa,2020,2,0.4926,2.917,19.9,green
ITGOA,Genoa,2020,3,0.5287,2.535,20.1,green
ITGOA,Genoa,2020,4,0.5859,3.502,25.9,green
ITGOA,Genoa,2020,5,0.5685,3.531,25.2,green
ITGOA,Genoa,2020,6,0.5565,3.575,25.1,green
ITGOA,Genoa,2020,7,0.6133,3.459,26.7,green
ITGOA,Genoa,2020,8,0.6038,4.065,28.8,green
ITGOA,Genoa,2020,9,0.5661,4.099,28.1,green
ITGOA,Genoa,2020,10,0.5567,3.614,25.5,green
ITGOA,Genoa,2020,11,0.5692,3.74,26.2,green
ITGOA,Genoa,2020,12,0.5455,3.389,23.5,green
ITGOA,Genoa,2021,1,0.6507,5.502,37.3,amber
ITGOA,Genoa,2021,2,0.6756,5.258,37.2,amber
ITGOA,Genoa,2021,3,0.6788,6.457,42.6,amber
ITGOA,Genoa,2021,4,0.6351,5.227,36.1,amber
ITGOA,Genoa,2021,5,0.6238,5.284,36.1,amber
ITGOA,Genoa,2021,6,0.6399,4.862,34.0,amber
ITGOA,Genoa,2021,7,0.6547,4.486,32.3,green
ITGOA,Genoa,2021,8,0.6148,4.678,33.0,amber
ITGOA,Genoa,2021,9,0.6581,4.907,35.3,amber
ITGOA,Genoa,2021,10,0.6816,6.915,51.9,amber
ITGOA,Genoa,2021,11,0.6661,5.371,43.5,amber
ITGOA,Genoa,2021,12,0.6826,5.523,45.0,amber
ITGOA,Genoa,2022,1,0.6155,3.908,37.2,amber
ITGOA,Genoa,2022,2,0.6672,6.261,53.4,amber
ITGOA,Genoa,2022,3,0.6898,7.305,61.2,amber
ITGOA,Genoa,2022,4,0.666,6.559,55.0,amber
ITGOA,Genoa,2022,5,0.6044,4.113,35.0,amber
ITGOA,Genoa,2022,6,0.6082,4.42,37.3,amber
ITGOA,Genoa,2022,7,0.6037,4.23,34.7,amber
ITGOA,Genoa,2022,8,0.6088,4.131,34.6,amber
ITGOA,Genoa,2022,9,0.6236,3.967,37.0,amber
ITGOA,Genoa,2022,10,0.61,4.236,37.6,amber
ITGOA,Genoa,2022,11,0.6378,4.141,37.9,amber
ITGOA,Genoa,2022,12,0.6048,4.207,35.7,amber
ITGOA,Genoa,2023,1,0.6408,4.768,42.7,amber
ITGOA,Genoa,2023,2,0.6058,3.747,34.1,amber
ITGOA,Genoa,2023,3,0.6276,3.98,36.6,amber
ITGOA,Genoa,2023,4,0.6077,4.156,35.9,amber
ITGOA,Genoa,2023,5,0.6098,4.266,34.8,amber
ITGOA,Genoa,2023,6,0.6207,4.263,35.2,amber
ITGOA,Genoa,2023,7,0.6304,4.188,37.1,amber
ITGOA,Genoa,2023,8,0.5979,5.443,39.9,amber
ITGOA,Genoa,2023,9,0.6487,3.858,36.7,amber
ITGOA,Genoa,2023,10,0.7092,6.857,60.0,amber
ITGOA,Genoa,2023,11,0.6903,6.342,55.7,amber
ITGOA,Genoa,2023,12,0.6334,5.015,46.6,amber
ITGOA,Genoa,2024,1,0.6447,5.672,48.5,amber
ITGOA,Genoa,2024,2,0.648,4.575,42.8,amber
ITGOA,Genoa,2024,3,0.6349,4.228,41.7,amber
ITGOA,Genoa,2024,4,0.6154,6.416,50.6,amber
ITGOA,Genoa,2024,5,0.6208,4.292,38.8,amber
ITGOA,Genoa,2024,6,0.609,3.87,34.6,amber
ITGOA,Genoa,2024,7,0.6283,5.286,38.7,amber
ITGOA,Genoa,2024,8,0.5934,3.972,34.5,amber
ITGOA,Genoa,2024,9,0.632,4.445,41.4,amber
ITGOA,Genoa,2024,10,0.6442,4.639,42.2,amber
ITGOA,Genoa,2024,11,0.6603,4.562,44.1,amber
ITGOA,Genoa,2024,12,0.6492,4.314,41.1,amber
FRLEH,Le Havre,2020,1,0.4497,1.689,16.2,green
FRLEH,Le Havre,2020,2,0.4337,1.661,12.3,green
FRLEH,Le Havre,2020,3,0.4005,1.697,11.3,green
FRLEH,Le Havre,2020,4,0.528,2.335,18.6,green
FRLEH,Le Havre,2020,5,0.4444,2.449,15.6,green
FRLEH,Le Havre,2020,6,0.4615,2.369,16.1,green
FRLEH,Le Havre,2020,7,0.4898,2.037,15.7,green
FRLEH,Le Havre,2020,8,0.4534,2.038,14.1,green
FRLEH,Le Havre,2020,9,0.4741,2.493,17.6,green
FRLEH,Le Havre,2020,10,0.4612,1.922,14.5,green
FRLEH,Le Havre,2020,11,0.4717,2.313,16.3,green
FRLEH,Le Havre,2020,12,0.4767,2.082,15.2,green
FRLEH,Le Havre,2021,1,0.6395,5.045,35.0,amber
FRLEH,Le Havre,2021,2,0.6797,5.959,40.3,amber
FRLEH,Le Havre,2021,3,0.7125,7.332,47.6,amber
FRLEH,Le Havre,2021,4,0.6524,5.314,37.2,amber
FRLEH,Le Havre,2021,5,0.6757,5.053,37.3,amber
FRLEH,Le Havre,2021,6,0.625,5.387,35.6,amber
FRLEH,Le Havre,2021,7,0.6589,4.863,34.0,amber
FRLEH,Le Havre,2021,8,0.6401,4.869,34.9,amber
FRLEH,Le Havre,2021,9,0.6724,4.747,35.2,amber
FRLEH,Le Havre,2021,10,0.7066,7.34,54.9,amber
FRLEH,Le Havre,2021,11,0.7255,7.319,55.4,amber
FRLEH,Le Havre,2021,12,0.713,8.376,59.1,amber
FRLEH,Le Havre,2022,1,0.6805,4.365,42.2,amber
FRLEH,Le Havre,2022,2,0.6594,6.81,58.0,amber
FRLEH,Le Havre,2022,3,0.644,7.188,59.6,amber
FRLEH,Le Havre,2022,4,0.6177,6.06,49.3,amber
FRLEH,Le Havre,2022,5,0.6007,4.114,35.5,amber
FRLEH,Le Havre,2022,6,0.5966,4.076,34.8,amber
FRLEH,Le Havre,2022,7,0.5938,4.101,33.9,amber
FRLEH,Le Havre,2022,8,0.5954,4.312,35.8,amber
FRLEH,Le Havre,2022,9,0.6089,3.857,35.9,amber
FRLEH,Le Havre,2022,10,0.5912,4.172,36.2,amber
FRLEH,Le Havre,2022,11,0.6438,4.153,38.3,amber
FRLEH,Le Havre,2022,12,0.6083,4.043,34.7,amber
FRLEH,Le Havre,2023,1,0.6243,4.843,39.5,amber
FRLEH,Le Havre,2023,2,0.6079,4.116,34.7,amber
FRLEH,Le Havre,2023,3,0.6139,4.606,40.1,amber
FRLEH,Le Havre,2023,4,0.6214,4.663,40.0,amber
FRLEH,Le Havre,2023,5,0.598,4.485,36.0,amber
FRLEH,Le Havre,2023,6,0.5908,4.036,34.4,amber
FRLEH,Le Havre,2023,7,0.5716,4.222,34.2,amber
FRLEH,Le Havre,2023,8,0.6244,4.518,39.2,amber
FRLEH,Le Havre,2023,9,0.5963,4.772,37.2,amber
FRLEH,Le Havre,2023,10,0.6118,6.516,49.4,amber
FRLEH,Le Havre,2023,11,0.6285,6.388,51.2,amber
FRLEH,Le Havre,2023,12,0.6497,4.43,42.0,amber
FRLEH,Le Havre,2024,1,0.5628,3.799,35.7,amber
FRLEH,Le Havre,2024,2,0.5129,3.105,30.5,green
FRLEH,Le Havre,2024,3,0.5011,2.924,27.6,green
FRLEH,Le Havre,2024,4,0.5477,3.804,37.2,amber
FRLEH,Le Havre,2024,5,0.5453,3.253,29.3,green
FRLEH,Le Havre,2024,6,0.5272,3.156,27.3,green
FRLEH,Le Havre,2024,7,0.5469,3.22,28.3,green
FRLEH,Le Havre,2024,8,0.5092,2.876,26.9,green
FRLEH,Le Havre,2024,9,0.5098,2.9,27.9,green
FRLEH,Le Havre,2024,10,0.5363,3.206,29.5,green
FRLEH,Le Havre,2024,11,0.548,3.079,31.4,green
FRLEH,Le Havre,2024,12,0.5579,3.274,36.3,amber
DEBRV,Bremerhaven,2020,1,0.4265,1.869,16.0,green
DEBRV,Bremerhaven,2020,2,0.4319,1.724,12.4,green
DEBRV,Bremerhaven,2020,3,0.3488,2.087,10.9,green
DEBRV,Bremerhaven,2020,4,0.4507,2.037,14.2,green
DEBRV,Bremerhaven,2020,5,0.5035,2.024,16.3,green
DEBRV,Bremerhaven,2020,6,0.4835,2.398,17.1,green
DEBRV,Bremerhaven,2020,7,0.486,2.197,16.2,green
DEBRV,Bremerhaven,2020,8,0.4995,2.159,16.5,green
DEBRV,Bremerhaven,2020,9,0.4605,2.521,17.2,green
DEBRV,Bremerhaven,2020,10,0.4407,2.152,14.6,green
DEBRV,Bremerhaven,2020,11,0.4578,2.188,15.2,green
DEBRV,Bremerhaven,2020,12,0.4232,1.931,12.4,green
DEBRV,Bremerhaven,2021,1,0.4344,2.089,14.2,green
DEBRV,Bremerhaven,2021,2,0.4358,2.137,14.2,green
DEBRV,Bremerhaven,2021,3,0.4519,2.54,16.8,green
DEBRV,Bremerhaven,2021,4,0.4134,1.584,11.7,green
DEBRV,Bremerhaven,2021,5,0.4018,1.582,11.5,green
DEBRV,Bremerhaven,2021,6,0.4498,1.67,12.9,green
DEBRV,Bremerhaven,2021,7,0.4609,2.242,14.9,green
DEBRV,Bremerhaven,2021,8,0.426,1.677,12.7,green
DEBRV,Bremerhaven,2021,9,0.4425,1.924,14.0,green
DEBRV,Bremerhaven,2021,10,0.4496,1.991,20.0,green
DEBRV,Bremerhaven,2021,11,0.431,1.841,18.7,green
DEBRV,Bremerhaven,2021,12,0.4808,2.153,26.5,green
DEBRV,Bremerhaven,2022,1,0.5119,2.457,29.4,green
DEBRV,Bremerhaven,2022,2,0.5101,3.978,40.8,amber
DEBRV,Bremerhaven,2022,3,0.4338,5.049,40.4,amber
DEBRV,Bremerhaven,2022,4,0.4806,3.702,33.0,green
DEBRV,Bremerhaven,2022,5,0.4746,2.887,28.3,green
DEBRV,Bremerhaven,2022,6,0.4766,2.747,24.3,green
DEBRV,Bremerhaven,2022,7,0.5116,2.837,27.7,green
DEBRV,Bremerhaven,2022,8,0.5076,3.044,27.3,green
DEBRV,Bremerhaven,2022,9,0.5148,3.113,31.1,green
DEBRV,Bremerhaven,2022,10,0.4948,2.781,25.9,green
DEBRV,Bremerhaven,2022,11,0.4811,3.165,25.9,green
DEBRV,Bremerhaven,2022,12,0.4927,2.656,24.1,green
DEBRV,Bremerhaven,2023,1,0.5434,3.236,31.5,green
DEBRV,Bremerhaven,2023,2,0.518,2.689,27.9,green
DEBRV,Bremerhaven,2023,3,0.5186,2.907,27.2,green
DEBRV,Bremerhaven,2023,4,0.4935,2.585,24.7,green
DEBRV,Bremerhaven,2023,5,0.4815,2.559,23.8,green
DEBRV,Bremerhaven,2023,6,0.4921,2.491,23.1,green
DEBRV,Bremerhaven,2023,7,0.4753,2.566,23.9,green
DEBRV,Bremerhaven,2023,8,0.5418,2.7,27.8,green
DEBRV,Bremerhaven,2023,9,0.4362,2.408,19.6,green
DEBRV,Bremerhaven,2023,10,0.4717,3.051,31.3,green
DEBRV,Bremerhaven,2023,11,0.5771,2.768,35.7,amber
DEBRV,Bremerhaven,2023,12,0.5742,2.425,33.7,amber
DEBRV,Bremerhaven,2024,1,0.4816,3.314,32.1,green
DEBRV,Bremerhaven,2024,2,0.4994,2.883,29.1,green
DEBRV,Bremerhaven,2024,3,0.4659,2.757,24.9,green
DEBRV,Bremerhaven,2024,4,0.4987,3.481,31.7,green
DEBRV,Bremerhaven,2024,5,0.4929,2.917,25.2,green
DEBRV,Bremerhaven,2024,6,0.4836,3.178,26.1,green
DEBRV,Bremerhaven,2024,7,0.5349,3.424,28.7,green
DEBRV,Bremerhaven,2024,8,0.48,3.001,26.3,green
DEBRV,Bremerhaven,2024,9,0.4477,2.925,25.6,green
DEBRV,Bremerhaven,2024,10,0.4803,3.058,28.5,green
DEBRV,Bremerhaven,2024,11,0.4714,3.11,28.4,green
DEBRV,Bremerhaven,2024,12,0.4667,2.678,27.5,green
PLGDN,Gdansk,2020,1,0.4834,2.935,22.8,green
PLGDN,Gdansk,2020,2,0.452,3.52,20.8,green
PLGDN,Gdansk,2020,3,0.5222,3.314,23.1,green
PLGDN,Gdansk,2020,4,0.5174,3.397,22.6,green
PLGDN,Gdansk,2020,5,0.4823,4.036,23.8,green
PLGDN,Gdansk,2020,6,0.4619,3.422,20.6,green
PLGDN,Gdansk,2020,7,0.516,3.979,24.9,green
PLGDN,Gdansk,2020,8,0.4827,3.998,23.5,green
PLGDN,Gdansk,2020,9,0.4926,4.435,26.5,green
PLGDN,Gdansk,2020,10,0.4847,3.993,24.1,green
PLGDN,Gdansk,2020,11,0.4892,3.613,22.4,green
PLGDN,Gdansk,2020,12,0.4412,3.67,20.4,green
PLGDN,Gdansk,2021,1,0.6293,5.686,37.2,amber
PLGDN,Gdansk,2021,2,0.6255,5.942,38.0,amber
PLGDN,Gdansk,2021,3,0.6287,7.328,44.2,amber
PLGDN,Gdansk,2021,4,0.6213,5.159,35.2,amber
PLGDN,Gdansk,2021,5,0.6365,4.645,34.0,amber
PLGDN,Gdansk,2021,6,0.6328,5.067,34.6,amber
PLGDN,Gdansk,2021,7,0.6298,5.071,33.7,amber
PLGDN,Gdansk,2021,8,0.627,4.735,33.8,amber
PLGDN,Gdansk,2021,9,0.6586,4.745,34.7,amber
PLGDN,Gdansk,2021,10,0.6286,6.083,41.8,amber
PLGDN,Gdansk,2021,11,0.6293,5.984,43.3,amber
PLGDN,Gdansk,2021,12,0.6798,6.197,49.6,amber
PLGDN,Gdansk,2022,1,0.6391,4.982,46.6,amber
PLGDN,Gdansk,2022,2,0.6272,5.996,50.2,amber
PLGDN,Gdansk,2022,3,0.6127,6.274,54.1,amber
PLGDN,Gdansk,2022,4,0.6333,5.817,48.7,amber
PLGDN,Gdansk,2022,5,0.6038,4.333,37.0,amber
PLGDN,Gdansk,2022,6,0.6051,3.994,34.7,amber
PLGDN,Gdansk,2022,7,0.6058,3.72,33.6,amber
PLGDN,Gdansk,2022,8,0.6193,3.917,36.6,amber
PLGDN,Gdansk,2022,9,0.595,3.867,34.6,amber
PLGDN,Gdansk,2022,10,0.609,4.002,37.0,amber
PLGDN,Gdansk,2022,11,0.6011,4.235,35.6,amber
PLGDN,Gdansk,2022,12,0.6701,4.87,45.3,amber
PLGDN,Gdansk,2023,1,0.6304,5.742,44.8,amber
PLGDN,Gdansk,2023,2,0.6372,3.864,38.0,amber
PLGDN,Gdansk,2023,3,0.6293,4.136,37.5,amber
PLGDN,Gdansk,2023,4,0.6148,4.52,38.8,amber
PLGDN,Gdansk,2023,5,0.6176,4.415,36.4,amber
PLGDN,Gdansk,2023,6,0.6085,3.945,34.5,amber
PLGDN,Gdansk,2023,7,0.6128,4.641,35.4,amber
PLGDN,Gdansk,2023,8,0.5765,4.407,34.1,amber
PLGDN,Gdansk,2023,9,0.5851,4.177,33.0,green
PLGDN,Gdansk,2023,10,0.6448,8.184,61.0,amber
PLGDN,Gdansk,2023,11,0.6249,6.36,49.9,amber
PLGDN,Gdansk,2023,12,0.6043,4.493,40.6,amber
PLGDN,Gdansk,2024,1,0.5072,2.301,27.3,green
PLGDN,Gdansk,2024,2,0.4669,2.016,22.9,green
PLGDN,Gdansk,2024,3,0.4452,2.311,24.8,green
PLGDN,Gdansk,2024,4,0.4211,2.382,23.4,green
PLGDN,Gdansk,2024,5,0.3922,2.408,20.4,green
PLGDN,Gdansk,2024,6,0.3841,1.839,15.7,green
PLGDN,Gdansk,2024,7,0.4005,1.594,15.2,green
PLGDN,Gdansk,2024,8,0.3923,2.018,17.9,green
PLGDN,Gdansk,2024,9,0.3516,1.699,18.6,green
PLGDN,Gdansk,2024,10,0.3889,1.909,17.9,green
PLGDN,Gdansk,2024,11,0.4811,2.32,24.4,green
PLGDN,Gdansk,2024,12,0.4232,2.029,21.3,green
ITGIT,Gioia Tauro,2020,1,0.4289,1.858,16.1,green
ITGIT,Gioia Tauro,2020,2,0.4384,1.968,13.7,green
ITGIT,Gioia Tauro,2020,3,0.3836,2.02,12.0,green
ITGIT,Gioia Tauro,2020,4,0.4803,2.415,17.0,green
ITGIT,Gioia Tauro,2020,5,0.4844,2.404,17.1,green
ITGIT,Gioia Tauro,2020,6,0.4718,2.217,15.9,green
ITGIT,Gioia Tauro,2020,7,0.5069,2.295,17.4,green
ITGIT,Gioia Tauro,2020,8,0.4696,2.372,16.2,green
ITGIT,Gioia Tauro,2020,9,0.4605,2.641,17.7,green
ITGIT,Gioia Tauro,2020,10,0.4485,2.185,15.1,green
ITGIT,Gioia Tauro,2020,11,0.4586,2.185,15.2,green
ITGIT,Gioia Tauro,2020,12,0.3907,2.191,12.1,green
ITGIT,Gioia Tauro,2021,1,0.5305,3.175,22.7,green
ITGIT,Gioia Tauro,2021,2,0.5476,2.98,22.4,green
ITGIT,Gioia Tauro,2021,3,0.5499,3.489,24.8,green
ITGIT,Gioia Tauro,2021,4,0.5495,3.052,23.5,green
ITGIT,Gioia Tauro,2021,5,0.5406,3.03,23.3,green
ITGIT,Gioia Tauro,2021,6,0.532,3.432,23.6,green
ITGIT,Gioia Tauro,2021,7,0.5138,3.071,20.6,green
ITGIT,Gioia Tauro,2021,8,0.5562,2.872,23.1,green
ITGIT,Gioia Tauro,2021,9,0.5379,2.609,20.7,green
ITGIT,Gioia Tauro,2021,10,0.5089,3.18,27.4,green
ITGIT,Gioia Tauro,2021,11,0.6354,3.309,36.9,amber
ITGIT,Gioia Tauro,2021,12,0.6164,3.867,38.6,amber
ITGIT,Gioia Tauro,2022,1,0.5369,3.366,33.8,amber
ITGIT,Gioia Tauro,2022,2,0.6051,6.439,56.8,amber
ITGIT,Gioia Tauro,2022,3,0.69,5.06,52.1,amber
ITGIT,Gioia Tauro,2022,4,0.6209,5.139,46.9,amber
ITGIT,Gioia Tauro,2022,5,0.49,2.873,25.0,green
ITGIT,Gioia Tauro,2022,6,0.5276,3.063,29.3,green
ITGIT,Gioia Tauro,2022,7,0.514,3.343,28.2,green
ITGIT,Gioia Tauro,2022,8,0.4852,3.376,27.7,green
ITGIT,Gioia Tauro,2022,9,0.5277,3.343,31.4,green
ITGIT,Gioia Tauro,2022,10,0.5325,3.152,30.6,green
ITGIT,Gioia Tauro,2022,11,0.5297,3.177,33.9,amber
ITGIT,Gioia Tauro,2022,12,0.501,3.111,29.9,green
ITGIT,Gioia Tauro,2023,1,0.5078,3.249,33.7,amber
ITGIT,Gioia Tauro,2023,2,0.4706,3.542,29.4,green
ITGIT,Gioia Tauro,2023,3,0.4798,3.535,31.1,green
ITGIT,Gioia Tauro,2023,4,0.4754,3.427,28.4,green
ITGIT,Gioia Tauro,2023,5,0.4863,3.131,25.9,green
ITGIT,Gioia Tauro,2023,6,0.4883,2.954,24.4,green
ITGIT,Gioia Tauro,2023,7,0.5068,3.373,29.2,green
ITGIT,Gioia Tauro,2023,8,0.4619,3.165,27.0,green
ITGIT,Gioia Tauro,2023,9,0.4522,2.788,22.5,green
ITGIT,Gioia Tauro,2023,10,0.4759,3.876,33.3,amber
ITGIT,Gioia Tauro,2023,11,0.5418,4.51,43.0,amber
ITGIT,Gioia Tauro,2023,12,0.5229,3.007,31.0,green
ITGIT,Gioia Tauro,2024,1,0.51,2.605,33.9,amber
ITGIT,Gioia Tauro,2024,2,0.4478,2.273,24.9,green
ITGIT,Gioia Tauro,2024,3,0.4144,1.857,19.7,green
ITGIT,Gioia Tauro,2024,4,0.4254,2.17,24.0,green
ITGIT,Gioia Tauro,2024,5,0.3928,1.921,18.7,green
ITGIT,Gioia Tauro,2024,6,0.3431,1.824,13.6,green
ITGIT,Gioia Tauro,2024,7,0.4156,1.619,15.2,green
ITGIT,Gioia Tauro,2024,8,0.3682,1.489,15.2,green
ITGIT,Gioia Tauro,2024,9,0.4097,1.878,23.1,green
ITGIT,Gioia Tauro,2024,10,0.3868,1.832,17.6,green
ITGIT,Gioia Tauro,2024,11,0.4429,2.195,26.7,green
ITGIT,Gioia Tauro,2024,12,0.4776,2.366,30.7,green
ESBCN,Barcelona,2020,1,0.2984,1.438,9.0,green
ESBCN,Barcelona,2020,2,0.257,1.252,3.3,green
ESBCN,Barcelona,2020,3,0.2695,1.197,3.9,green
ESBCN,Barcelona,2020,4,0.3935,1.25,8.5,green
ESBCN,Barcelona,2020,5,0.3757,1.295,8.0,green
ESBCN,Barcelona,2020,6,0.3894,1.28,8.6,green
ESBCN,Barcelona,2020,7,0.2992,1.3,4.7,green
ESBCN,Barcelona,2020,8,0.2937,1.278,4.4,green
ESBCN,Barcelona,2020,9,0.3153,1.308,6.2,green
ESBCN,Barcelona,2020,10,0.2932,1.193,4.5,green
ESBCN,Barcelona,2020,11,0.2971,1.249,4.6,green
ESBCN,Barcelona,2020,12,0.2127,1.241,0.8,green
ESBCN,Barcelona,2021,1,0.3741,1.915,11.0,green
ESBCN,Barcelona,2021,2,0.4121,2.019,12.8,green
ESBCN,Barcelona,2021,3,0.5182,2.958,21.3,green
ESBCN,Barcelona,2021,4,0.4795,1.934,15.9,green
ESBCN,Barcelona,2021,5,0.4595,1.845,15.0,green
ESBCN,Barcelona,2021,6,0.4615,2.36,16.2,green
ESBCN,Barcelona,2021,7,0.4436,1.971,13.1,green
ESBCN,Barcelona,2021,8,0.42,2.013,13.9,green
ESBCN,Barcelona,2021,9,0.4482,1.954,14.3,green
ESBCN,Barcelona,2021,10,0.4564,2.073,19.9,green
ESBCN,Barcelona,2021,11,0.4342,2.092,21.4,green
ESBCN,Barcelona,2021,12,0.4311,2.062,19.2,green
ESBCN,Barcelona,2022,1,0.3891,1.83,19.8,green
ESBCN,Barcelona,2022,2,0.4358,2.006,26.0,green
ESBCN,Barcelona,2022,3,0.6167,3.337,45.8,amber
ESBCN,Barcelona,2022,4,0.4079,2.269,25.0,green
ESBCN,Barcelona,2022,5,0.3818,1.699,16.9,green
ESBCN,Barcelona,2022,6,0.3773,1.839,17.8,green
ESBCN,Barcelona,2022,7,0.3596,1.821,14.1,green
ESBCN,Barcelona,2022,8,0.3902,1.653,16.1,green
ESBCN,Barcelona,2022,9,0.3724,1.796,16.3,green
ESBCN,Barcelona,2022,10,0.3729,1.763,17.7,green
ESBCN,Barcelona,2022,11,0.381,1.766,17.6,green
ESBCN,Barcelona,2022,12,0.3819,1.875,16.7,green
ESBCN,Barcelona,2023,1,0.4288,2.629,26.1,green
ESBCN,Barcelona,2023,2,0.5186,2.371,31.3,green
ESBCN,Barcelona,2023,3,0.4277,2.148,20.8,green
ESBCN,Barcelona,2023,4,0.4048,1.676,15.9,green
ESBCN,Barcelona,2023,5,0.4082,1.683,15.6,green
ESBCN,Barcelona,2023,6,0.3909,1.769,17.1,green
ESBCN,Barcelona,2023,7,0.3879,1.726,15.7,green
ESBCN,Barcelona,2023,8,0.4239,1.588,17.2,green
ESBCN,Barcelona,2023,9,0.3916,1.746,17.9,green
ESBCN,Barcelona,2023,10,0.4386,2.428,28.8,green
ESBCN,Barcelona,2023,11,0.4405,2.812,29.3,green
ESBCN,Barcelona,2023,12,0.411,2.118,21.2,green
ESBCN,Barcelona,2024,1,0.4393,1.945,22.8,green
ESBCN,Barcelona,2024,2,0.3775,2.016,20.1,green
ESBCN,Barcelona,2024,3,0.3853,2.315,23.1,green
ESBCN,Barcelona,2024,4,0.3999,2.194,21.9,green
ESBCN,Barcelona,2024,5,0.3888,1.857,18.1,green
ESBCN,Barcelona,2024,6,0.4044,2.027,17.7,green
ESBCN,Barcelona,2024,7,0.4259,1.921,16.5,green
ESBCN,Barcelona,2024,8,0.3888,1.821,16.9,green
ESBCN,Barcelona,2024,9,0.3796,1.77,16.9,green
ESBCN,Barcelona,2024,10,0.4048,2.331,22.1,green
ESBCN,Barcelona,2024,11,0.4286,2.196,23.6,green
ESBCN,Barcelona,2024,12,0.4113,2.106,21.4,green
FRMRS,Marseille,2020,1,0.5858,3.732,30.4,green
FRMRS,Marseille,2020,2,0.651,5.658,37.9,amber
FRMRS,Marseille,2020,3,0.6254,5.067,34.7,amber
FRMRS,Marseille,2020,4,0.6514,5.276,36.0,amber
FRMRS,Marseille,2020,5,0.6607,5.391,36.8,amber
FRMRS,Marseille,2020,6,0.6486,5.055,35.1,amber
FRMRS,Marseille,2020,7,0.6506,5.149,35.3,amber
FRMRS,Marseille,2020,8,0.6441,4.904,33.9,amber
FRMRS,Marseille,2020,9,0.6467,4.652,33.8,amber
FRMRS,Marseille,2020,10,0.6396,4.74,33.6,amber
FRMRS,Marseille,2020,11,0.6411,5.096,34.9,amber
FRMRS,Marseille,2020,12,0.6871,5.428,37.8,amber
FRMRS,Marseille,2021,1,0.6619,5.217,36.6,amber
FRMRS,Marseille,2021,2,0.6489,5.491,37.0,amber
FRMRS,Marseille,2021,3,0.6757,6.313,41.8,amber
FRMRS,Marseille,2021,4,0.6298,4.984,34.9,amber
FRMRS,Marseille,2021,5,0.618,5.26,35.8,amber
FRMRS,Marseille,2021,6,0.6465,4.927,34.6,amber
FRMRS,Marseille,2021,7,0.6419,4.546,32.0,green
FRMRS,Marseille,2021,8,0.6024,4.46,31.6,green
FRMRS,Marseille,2021,9,0.6395,4.681,33.6,amber
FRMRS,Marseille,2021,10,0.6851,5.39,43.9,amber
FRMRS,Marseille,2021,11,0.6423,5.171,41.6,amber
FRMRS,Marseille,2021,12,0.6507,6.668,49.5,amber
FRMRS,Marseille,2022,1,0.6262,3.894,38.9,amber
FRMRS,Marseille,2022,2,0.614,6.922,55.3,amber
FRMRS,Marseille,2022,3,0.6845,8.511,69.6,red
FRMRS,Marseille,2022,4,0.7161,6.219,55.6,amber
FRMRS,Marseille,2022,5,0.6419,4.191,38.1,amber
FRMRS,Marseille,2022,6,0.6599,4.558,40.6,amber
FRMRS,Marseille,2022,7,0.6395,4.379,37.7,amber
FRMRS,Marseille,2022,8,0.6268,4.369,39.0,amber
FRMRS,Marseille,2022,9,0.625,4.154,38.4,amber
FRMRS,Marseille,2022,10,0.6027,4.118,36.3,amber
FRMRS,Marseille,2022,11,0.6237,4.539,39.9,amber
FRMRS,Marseille,2022,12,0.6056,4.234,36.0,amber
FRMRS,Marseille,2023,1,0.6325,4.976,42.4,amber
FRMRS,Marseille,2023,2,0.6346,3.996,37.6,amber
FRMRS,Marseille,2023,3,0.6444,4.737,40.6,amber
FRMRS,Marseille,2023,4,0.6116,4.345,36.7,amber
FRMRS,Marseille,2023,5,0.6043,4.403,36.6,amber
FRMRS,Marseille,2023,6,0.6023,4.324,35.8,amber
FRMRS,Marseille,2023,7,0.6088,4.193,36.0,amber
FRMRS,Marseille,2023,8,0.6089,4.656,38.6,amber
FRMRS,Marseille,2023,9,0.594,4.596,36.1,amber
FRMRS,Marseille,2023,10,0.6552,7.708,60.8,amber
FRMRS,Marseille,2023,11,0.6344,5.706,49.2,amber
FRMRS,Marseille,2023,12,0.6444,4.287,40.8,amber
FRMRS,Marseille,2024,1,0.6167,5.564,46.7,amber
FRMRS,Marseille,2024,2,0.6224,3.905,38.9,amber
FRMRS,Marseille,2024,3,0.6359,4.214,41.2,amber
FRMRS,Marseille,2024,4,0.6271,5.197,45.7,amber
FRMRS,Marseille,2024,5,0.6307,4.355,39.2,amber
FRMRS,Marseille,2024,6,0.5987,4.196,35.1,amber
FRMRS,Marseille,2024,7,0.6189,4.522,36.8,amber
FRMRS,Marseille,2024,8,0.5954,4.057,35.5,amber
FRMRS,Marseille,2024,9,0.623,4.424,39.7,amber
FRMRS,Marseille,2024,10,0.6422,4.374,40.3,amber
FRMRS,Marseille,2024,11,0.6356,4.37,39.7,amber
FRMRS,Marseille,2024,12,0.6571,4.571,43.2,amber
ROCND,Constanta,2020,1,0.502,3.007,23.9,green
ROCND,Constanta,2020,2,0.5358,2.898,21.6,green
ROCND,Constanta,2020,3,0.5363,3.152,23.0,green
ROCND,Constanta,2020,4,0.5293,3.568,23.8,green
ROCND,Constanta,2020,5,0.4931,3.349,21.4,green
ROCND,Constanta,2020,6,0.6109,4.009,29.1,green
ROCND,Constanta,2020,7,0.4971,4.269,25.3,green
ROCND,Constanta,2020,8,0.502,3.421,21.9,green
ROCND,Constanta,2020,9,0.5248,2.982,21.8,green
ROCND,Constanta,2020,10,0.5395,3.128,22.8,green
ROCND,Constanta,2020,11,0.593,3.608,26.7,green
ROCND,Constanta,2020,12,0.5566,4.197,27.3,green
ROCND,Constanta,2021,1,0.6169,5.81,37.2,amber
ROCND,Constanta,2021,2,0.6243,5.991,38.1,amber
ROCND,Constanta,2021,3,0.6107,5.823,37.1,amber
ROCND,Constanta,2021,4,0.5946,4.948,33.3,amber
ROCND,Constanta,2021,5,0.5893,4.889,33.0,amber
ROCND,Constanta,2021,6,0.5887,4.351,29.8,green
ROCND,Constanta,2021,7,0.6197,5.518,35.2,amber
ROCND,Constanta,2021,8,0.5895,4.899,32.9,green
ROCND,Constanta,2021,9,0.5981,4.418,30.8,green
ROCND,Constanta,2021,10,0.6192,5.717,42.7,amber
ROCND,Constanta,2021,11,0.5934,5.437,40.3,amber
ROCND,Constanta,2021,12,0.571,5.822,42.7,amber
ROCND,Constanta,2022,1,0.6406,4.697,44.1,amber
ROCND,Constanta,2022,2,0.673,6.236,56.8,amber
ROCND,Constanta,2022,3,0.6773,6.419,60.4,amber
ROCND,Constanta,2022,4,0.6184,6.273,50.6,amber
ROCND,Constanta,2022,5,0.5946,4.113,36.2,amber
ROCND,Constanta,2022,6,0.5967,4.265,36.1,amber
ROCND,Constanta,2022,7,0.6039,4.563,37.4,amber
ROCND,Constanta,2022,8,0.6172,4.521,39.4,amber
ROCND,Constanta,2022,9,0.6199,3.758,36.9,amber
ROCND,Constanta,2022,10,0.6317,4.378,40.2,amber
ROCND,Constanta,2022,11,0.6432,4.627,41.1,amber
ROCND,Constanta,2022,12,0.6694,4.703,42.2,amber
ROCND,Constanta,2023,1,0.6425,6.793,51.1,amber
ROCND,Constanta,2023,2,0.779,7.102,60.1,amber
ROCND,Constanta,2023,3,0.6217,4.683,38.6,amber
ROCND,Constanta,2023,4,0.6174,4.64,38.4,amber
ROCND,Constanta,2023,5,0.6022,4.451,36.2,amber
ROCND,Constanta,2023,6,0.6345,4.354,38.3,amber
ROCND,Constanta,2023,7,0.6146,4.807,38.7,amber
ROCND,Constanta,2023,8,0.6186,4.831,39.6,amber
ROCND,Constanta,2023,9,0.6197,4.788,40.0,amber
ROCND,Constanta,2023,10,0.6094,6.263,49.1,amber
ROCND,Constanta,2023,11,0.6629,6.113,54.7,amber
ROCND,Constanta,2023,12,0.6526,4.43,41.5,amber
ROCND,Constanta,2024,1,0.6342,6.21,51.5,amber
ROCND,Constanta,2024,2,0.6335,4.111,39.3,amber
ROCND,Constanta,2024,3,0.6226,3.825,37.1,amber
ROCND,Constanta,2024,4,0.6318,6.41,50.2,amber
ROCND,Constanta,2024,5,0.6134,4.365,38.1,amber
ROCND,Constanta,2024,6,0.6178,4.246,35.6,amber
ROCND,Constanta,2024,7,0.6092,4.824,36.5,amber
ROCND,Constanta,2024,8,0.5902,4.163,36.1,amber
ROCND,Constanta,2024,9,0.626,4.253,39.3,amber
ROCND,Constanta,2024,10,0.6326,4.444,39.5,amber
ROCND,Constanta,2024,11,0.6662,4.999,45.3,amber
ROCND,Constanta,2024,12,0.658,5.833,51.6,amber
AEJEA,Jebel Ali,2020,1,0.2981,1.452,9.0,green
AEJEA,Jebel Ali,2020,2,0.2928,1.307,5.0,green
AEJEA,Jebel Ali,2020,3,0.2807,1.291,4.7,green
AEJEA,Jebel Ali,2020,4,0.4107,1.353,9.7,green
AEJEA,Jebel Ali,2020,5,0.3745,1.342,8.1,green
AEJEA,Jebel Ali,2020,6,0.3602,1.305,7.5,green
AEJEA,Jebel Ali,2020,7,0.3737,1.3,7.8,green
AEJEA,Jebel Ali,2020,8,0.3476,1.304,6.7,green
AEJEA,Jebel Ali,2020,9,0.4049,1.316,9.9,green
AEJEA,Jebel Ali,2020,10,0.328,1.257,6.2,green
AEJEA,Jebel Ali,2020,11,0.2955,1.324,4.9,green
AEJEA,Jebel Ali,2020,12,0.2977,1.253,4.4,green
AEJEA,Jebel Ali,2021,1,0.4349,1.833,13.1,green
AEJEA,Jebel Ali,2021,2,0.4763,2.368,16.9,green
AEJEA,Jebel Ali,2021,3,0.4748,2.495,17.6,green
AEJEA,Jebel Ali,2021,4,0.4311,1.844,13.5,green
AEJEA,Jebel Ali,2021,5,0.4317,1.758,13.5,green
AEJEA,Jebel Ali,2021,6,0.4626,1.708,13.5,green
AEJEA,Jebel Ali,2021,7,0.4209,2.225,13.2,green
AEJEA,Jebel Ali,2021,8,0.4034,1.801,12.3,green
AEJEA,Jebel Ali,2021,9,0.4604,1.861,14.4,green
AEJEA,Jebel Ali,2021,10,0.4652,2.234,19.1,green
AEJEA,Jebel Ali,2021,11,0.4448,1.923,17.9,green
AEJEA,Jebel Ali,2021,12,0.4475,1.872,19.0,green
AEJEA,Jebel Ali,2022,1,0.3809,1.911,22.0,green
AEJEA,Jebel Ali,2022,2,0.4161,2.079,25.4,green
AEJEA,Jebel Ali,2022,3,0.5415,3.225,40.2,amber
AEJEA,Jebel Ali,2022,4,0.4333,1.805,22.9,green
AEJEA,Jebel Ali,2022,5,0.3705,1.793,18.6,green
AEJEA,Jebel Ali,2022,6,0.3417,1.578,15.0,green
AEJEA,Jebel Ali,2022,7,0.3772,1.507,12.8,green
AEJEA,Jebel Ali,2022,8,0.3689,1.503,13.0,green
AEJEA,Jebel Ali,2022,9,0.3696,1.548,15.3,green
AEJEA,Jebel Ali,2022,10,0.3734,1.668,14.6,green
AEJEA,Jebel Ali,2022,11,0.3496,1.92,15.5,green
AEJEA,Jebel Ali,2022,12,0.3858,1.812,16.3,green
AEJEA,Jebel Ali,2023,1,0.3846,2.014,17.6,green
AEJEA,Jebel Ali,2023,2,0.3715,1.801,18.2,green
AEJEA,Jebel Ali,2023,3,0.3822,1.769,16.2,green
AEJEA,Jebel Ali,2023,4,0.3568,1.743,16.1,green
AEJEA,Jebel Ali,2023,5,0.3621,1.878,15.1,green
AEJEA,Jebel Ali,2023,6,0.3325,1.572,12.9,green
AEJEA,Jebel Ali,2023,7,0.3664,1.525,12.2,green
AEJEA,Jebel Ali,2023,8,0.3833,1.859,13.7,green
AEJEA,Jebel Ali,2023,9,0.3947,1.789,14.3,green
AEJEA,Jebel Ali,2023,10,0.4185,2.024,21.9,green
AEJEA,Jebel Ali,2023,11,0.389,1.759,18.3,green
AEJEA,Jebel Ali,2023,12,0.4194,2.417,22.1,green
AEJEA,Jebel Ali,2024,1,0.6008,5.389,43.8,amber
AEJEA,Jebel Ali,2024,2,0.7908,6.163,54.4,amber
AEJEA,Jebel Ali,2024,3,0.7219,4.698,44.6,amber
AEJEA,Jebel Ali,2024,4,0.5979,6.638,46.5,amber
AEJEA,Jebel Ali,2024,5,0.701,4.463,41.7,amber
AEJEA,Jebel Ali,2024,6,0.708,5.947,45.9,amber
AEJEA,Jebel Ali,2024,7,0.6411,5.649,42.2,amber
AEJEA,Jebel Ali,2024,8,0.6126,4.199,35.5,amber
AEJEA,Jebel Ali,2024,9,0.6102,4.052,33.9,amber
AEJEA,Jebel Ali,2024,10,0.6207,4.323,38.1,amber
AEJEA,Jebel Ali,2024,11,0.7876,7.319,57.4,amber
AEJEA,Jebel Ali,2024,12,0.6653,4.475,41.2,amber
EGPSD,Port Said,2020,1,0.4694,1.884,17.9,green
EGPSD,Port Said,2020,2,0.4527,1.92,14.1,green
EGPSD,Port Said,2020,3,0.4348,1.636,12.5,green
EGPSD,Port Said,2020,4,0.4823,2.36,16.8,green
EGPSD,Port Said,2020,5,0.4814,2.328,16.6,green
EGPSD,Port Said,2020,6,0.4503,2.295,15.4,green
EGPSD,Port Said,2020,7,0.5083,2.103,16.7,green
EGPSD,Port Said,2020,8,0.4503,2.192,14.6,green
EGPSD,Port Said,2020,9,0.4859,2.425,17.8,green
EGPSD,Port Said,2020,10,0.4866,2.1,16.3,green
EGPSD,Port Said,2020,11,0.4958,2.179,16.7,green
EGPSD,Port Said,2020,12,0.495,2.079,15.9,green
EGPSD,Port Said,2021,1,0.2816,1.617,5.9,green
EGPSD,Port Said,2021,2,0.3276,1.5,7.1,green
EGPSD,Port Said,2021,3,0.3382,1.577,8.1,green
EGPSD,Port Said,2021,4,0.3246,1.5,7.7,green
EGPSD,Port Said,2021,5,0.2482,1.327,4.1,green
EGPSD,Port Said,2021,6,0.333,1.328,6.6,green
EGPSD,Port Said,2021,7,0.2044,1.343,0.6,green
EGPSD,Port Said,2021,8,0.2685,1.339,4.8,green
EGPSD,Port Said,2021,9,0.2802,1.301,4.7,green
EGPSD,Port Said,2021,10,0.3324,1.265,8.3,green
EGPSD,Port Said,2021,11,0.3146,1.303,8.7,green
EGPSD,Port Said,2021,12,0.361,1.299,11.8,green
EGPSD,Port Said,2022,1,0.2275,1.307,9.2,green
EGPSD,Port Said,2022,2,0.4191,1.382,20.3,green
EGPSD,Port Said,2022,3,0.5189,1.435,29.9,green
EGPSD,Port Said,2022,4,0.3976,1.349,17.8,green
EGPSD,Port Said,2022,5,0.1921,1.313,7.3,green
EGPSD,Port Said,2022,6,0.2123,1.282,6.4,green
EGPSD,Port Said,2022,7,0.2132,1.211,5.2,green
EGPSD,Port Said,2022,8,0.209,1.185,5.7,green
EGPSD,Port Said,2022,9,0.172,1.174,4.3,green
EGPSD,Port Said,2022,10,0.2061,1.152,6.3,green
EGPSD,Port Said,2022,11,0.2096,1.152,5.2,green
EGPSD,Port Said,2022,12,0.2337,1.152,6.3,green
EGPSD,Port Said,2023,1,0.207,1.197,4.7,green
EGPSD,Port Said,2023,2,0.2278,1.197,7.4,green
EGPSD,Port Said,2023,3,0.2339,1.218,7.3,green
EGPSD,Port Said,2023,4,0.2003,1.234,5.1,green
EGPSD,Port Said,2023,5,0.1989,1.234,4.6,green
EGPSD,Port Said,2023,6,0.1972,1.218,4.5,green
EGPSD,Port Said,2023,7,0.1984,1.141,4.2,green
EGPSD,Port Said,2023,8,0.2079,1.141,4.0,green
EGPSD,Port Said,2023,9,0.1881,1.141,2.9,green
EGPSD,Port Said,2023,10,0.4156,1.244,17.7,green
EGPSD,Port Said,2023,11,0.2283,1.245,9.5,green
EGPSD,Port Said,2023,12,0.2685,1.298,9.4,green
EGPSD,Port Said,2024,1,0.2879,1.267,11.5,green
EGPSD,Port Said,2024,2,0.2362,1.37,8.5,green
EGPSD,Port Said,2024,3,0.2484,1.275,9.2,green
EGPSD,Port Said,2024,4,0.3188,1.256,12.5,green
EGPSD,Port Said,2024,5,0.2517,1.262,8.3,green
EGPSD,Port Said,2024,6,0.2689,1.333,7.7,green
EGPSD,Port Said,2024,7,0.2571,1.33,6.7,green
EGPSD,Port Said,2024,8,0.2142,1.245,6.6,green
EGPSD,Port Said,2024,9,0.2493,1.259,7.9,green
EGPSD,Port Said,2024,10,0.266,1.27,9.6,green
EGPSD,Port Said,2024,11,0.2749,1.276,10.9,green
EGPSD,Port Said,2024,12,0.3107,1.402,11.7,green
OMSLL,Salalah,2020,1,0.3103,1.452,9.5,green
OMSLL,Salalah,2020,2,0.2519,1.266,3.2,green
OMSLL,Salalah,2020,3,0.263,1.291,4.0,green
OMSLL,Salalah,2020,4,0.4235,1.32,10.1,green
OMSLL,Salalah,2020,5,0.4286,1.295,10.1,green
OMSLL,Salalah,2020,6,0.441,1.308,10.8,green
OMSLL,Salalah,2020,7,0.3452,1.331,6.8,green
OMSLL,Salalah,2020,8,0.4169,1.3,9.5,green
OMSLL,Salalah,2020,9,0.3767,1.323,8.7,green
OMSLL,Salalah,2020,10,0.3267,1.261,6.2,green
OMSLL,Salalah,2020,11,0.2756,1.257,3.8,green
OMSLL,Salalah,2020,12,0.3388,1.253,6.0,green
OMSLL,Salalah,2021,1,0.2698,1.297,4.1,green
OMSLL,Salalah,2021,2,0.3643,1.334,7.9,green
OMSLL,Salalah,2021,3,0.2967,1.516,6.2,green
OMSLL,Salalah,2021,4,0.3307,1.381,7.5,green
OMSLL,Salalah,2021,5,0.2703,1.336,5.1,green
OMSLL,Salalah,2021,6,0.3019,1.382,5.6,green
OMSLL,Salalah,2021,7,0.3498,1.286,6.3,green
OMSLL,Salalah,2021,8,0.2935,1.263,5.5,green
OMSLL,Salalah,2021,9,0.3896,1.266,9.0,green
OMSLL,Salalah,2021,10,0.2718,1.285,8.1,green
OMSLL,Salalah,2021,11,0.2676,1.269,7.1,green
OMSLL,Salalah,2021,12,0.3174,1.28,11.0,green
OMSLL,Salalah,2022,1,0.2611,1.306,9.9,green
OMSLL,Salalah,2022,2,0.3446,1.385,17.7,green
OMSLL,Salalah,2022,3,0.3785,1.376,22.5,green
OMSLL,Salalah,2022,4,0.3556,1.275,16.0,green
OMSLL,Salalah,2022,5,0.2196,1.276,10.1,green
OMSLL,Salalah,2022,6,0.2943,1.297,16.1,green
OMSLL,Salalah,2022,7,0.2603,1.292,14.8,green
OMSLL,Salalah,2022,8,0.2352,1.316,13.0,green
OMSLL,Salalah,2022,9,0.2396,1.262,10.8,green
OMSLL,Salalah,2022,10,0.2429,1.272,10.2,green
OMSLL,Salalah,2022,11,0.229,1.219,7.5,green
OMSLL,Salalah,2022,12,0.2752,1.22,9.6,green
OMSLL,Salalah,2023,1,0.224,1.266,6.8,green
OMSLL,Salalah,2023,2,0.2438,1.267,7.6,green
OMSLL,Salalah,2023,3,0.2804,1.278,8.5,green
OMSLL,Salalah,2023,4,0.2234,1.266,6.2,green
OMSLL,Salalah,2023,5,0.212,1.279,6.6,green
OMSLL,Salalah,2023,6,0.252,1.254,13.3,green
OMSLL,Salalah,2023,7,0.2879,1.196,13.9,green
OMSLL,Salalah,2023,8,0.2134,1.246,9.9,green
OMSLL,Salalah,2023,9,0.1962,1.234,7.3,green
OMSLL,Salalah,2023,10,0.2899,1.304,19.9,green
OMSLL,Salalah,2023,11,0.2413,1.165,9.2,green
OMSLL,Salalah,2023,12,0.3121,1.255,12.8,green
OMSLL,Salalah,2024,1,0.3256,1.327,14.4,green
OMSLL,Salalah,2024,2,0.2264,1.379,8.6,green
OMSLL,Salalah,2024,3,0.242,1.469,8.8,green
OMSLL,Salalah,2024,4,0.3015,1.269,13.1,green
OMSLL,Salalah,2024,5,0.2387,1.389,11.7,green
OMSLL,Salalah,2024,6,0.2722,1.531,13.8,green
OMSLL,Salalah,2024,7,0.3183,1.428,16.0,green
OMSLL,Salalah,2024,8,0.2628,1.399,14.4,green
OMSLL,Salalah,2024,9,0.2186,1.487,12.1,green
OMSLL,Salalah,2024,10,0.2441,1.453,10.4,green
OMSLL,Salalah,2024,11,0.2616,1.377,9.8,green
OMSLL,Salalah,2024,12,0.28,1.408,12.0,green
SADMM,Dammam,2020,1,0.4646,1.914,17.8,green
SADMM,Dammam,2020,2,0.4333,2.537,15.9,green
SADMM,Dammam,2020,3,0.4408,1.91,13.9,green
SADMM,Dammam,2020,4,0.5011,2.611,18.7,green
SADMM,Dammam,2020,5,0.4783,2.592,17.6,green
SADMM,Dammam,2020,6,0.4861,2.383,17.2,green
SADMM,Dammam,2020,7,0.5052,2.558,18.5,green
SADMM,Dammam,2020,8,0.4622,2.535,16.6,green
SADMM,Dammam,2020,9,0.4677,2.234,16.3,green
SADMM,Dammam,2020,10,0.4666,2.073,15.3,green
SADMM,Dammam,2020,11,0.4804,2.375,16.9,green
SADMM,Dammam,2020,12,0.418,2.383,14.0,green
SADMM,Dammam,2021,1,0.2669,1.481,4.7,green
SADMM,Dammam,2021,2,0.469,1.302,12.1,green
SADMM,Dammam,2021,3,0.3669,1.442,8.7,green
SADMM,Dammam,2021,4,0.3517,1.314,8.1,green
SADMM,Dammam,2021,5,0.2752,1.264,5.0,green
SADMM,Dammam,2021,6,0.3332,1.287,6.5,green
SADMM,Dammam,2021,7,0.3658,1.293,7.0,green
SADMM,Dammam,2021,8,0.3473,1.263,7.7,green
SADMM,Dammam,2021,9,0.3794,1.263,8.6,green
SADMM,Dammam,2021,10,0.352,1.27,10.8,green
SADMM,Dammam,2021,11,0.3323,1.281,10.2,green
SADMM,Dammam,2021,12,0.2704,1.27,8.9,green
SADMM,Dammam,2022,1,0.375,2.264,19.3,green
SADMM,Dammam,2022,2,0.411,3.279,28.0,green
SADMM,Dammam,2022,3,0.38,3.179,32.6,green
SADMM,Dammam,2022,4,0.3659,2.026,18.9,green
SADMM,Dammam,2022,5,0.3908,1.694,18.1,green
SADMM,Dammam,2022,6,0.334,1.798,14.7,green
SADMM,Dammam,2022,7,0.3545,1.692,13.8,green
SADMM,Dammam,2022,8,0.3709,1.688,14.4,green
SADMM,Dammam,2022,9,0.3631,1.716,16.1,green
SADMM,Dammam,2022,10,0.3704,1.7,14.7,green
SADMM,Dammam,2022,11,0.3645,1.835,14.8,green
SADMM,Dammam,2022,12,0.4093,1.792,16.7,green
SADMM,Dammam,2023,1,0.3243,1.793,13.1,green
SADMM,Dammam,2023,2,0.3663,1.864,16.8,green
SADMM,Dammam,2023,3,0.3388,1.745,13.5,green
SADMM,Dammam,2023,4,0.3527,1.475,14.2,green
SADMM,Dammam,2023,5,0.3682,1.464,13.1,green
SADMM,Dammam,2023,6,0.3221,1.765,12.9,green
SADMM,Dammam,2023,7,0.3413,1.426,12.2,green
SADMM,Dammam,2023,8,0.3807,1.487,12.4,green
SADMM,Dammam,2023,9,0.316,1.498,10.9,green
SADMM,Dammam,2023,10,0.3773,1.699,19.4,green
SADMM,Dammam,2023,11,0.3531,1.45,15.1,green
SADMM,Dammam,2023,12,0.3572,1.643,14.9,green
SADMM,Dammam,2024,1,0.4252,3.058,25.0,green
SADMM,Dammam,2024,2,0.4466,2.679,24.1,green
SADMM,Dammam,2024,3,0.4335,2.618,22.7,green
SADMM,Dammam,2024,4,0.4542,3.251,27.9,green
SADMM,Dammam,2024,5,0.4407,2.678,22.2,green
SADMM,Dammam,2024,6,0.465,2.604,22.1,green
SADMM,Dammam,2024,7,0.5137,2.933,24.1,green
SADMM,Dammam,2024,8,0.4576,2.581,22.9,green
SADMM,Dammam,2024,9,0.423,2.434,20.7,green
SADMM,Dammam,2024,10,0.46,2.69,23.4,green
SADMM,Dammam,2024,11,0.4546,2.683,23.0,green
SADMM,Dammam,2024,12,0.4991,2.955,26.8,green
KEMBA,Mombasa,2020,1,0.585,3.951,31.3,green
KEMBA,Mombasa,2020,2,0.5922,5.451,34.7,amber
KEMBA,Mombasa,2020,3,0.5926,4.85,32.4,green
KEMBA,Mombasa,2020,4,0.6074,6.316,38.6,amber
KEMBA,Mombasa,2020,5,0.6432,5.781,37.7,amber
KEMBA,Mombasa,2020,6,0.5986,5.658,35.5,amber
KEMBA,Mombasa,2020,7,0.6162,6.184,38.2,amber
KEMBA,Mombasa,2020,8,0.6567,5.689,37.8,amber
KEMBA,Mombasa,2020,9,0.6644,5.837,39.5,amber
KEMBA,Mombasa,2020,10,0.6776,5.77,39.5,amber
KEMBA,Mombasa,2020,11,0.6176,5.655,36.2,amber
KEMBA,Mombasa,2020,12,0.6429,5.497,36.3,amber
KEMBA,Mombasa,2021,1,0.6629,5.207,36.6,amber
KEMBA,Mombasa,2021,2,0.6595,5.739,38.5,amber
KEMBA,Mombasa,2021,3,0.6451,6.517,41.4,amber
KEMBA,Mombasa,2021,4,0.5869,4.896,32.7,green
KEMBA,Mombasa,2021,5,0.6051,4.638,32.6,green
KEMBA,Mombasa,2021,6,0.6797,5.606,38.8,amber
KEMBA,Mombasa,2021,7,0.6671,5.339,36.4,amber
KEMBA,Mombasa,2021,8,0.6406,4.806,34.6,amber
KEMBA,Mombasa,2021,9,0.6822,4.627,35.1,amber
KEMBA,Mombasa,2021,10,0.6965,6.05,46.2,amber
KEMBA,Mombasa,2021,11,0.6634,5.347,40.6,amber
KEMBA,Mombasa,2021,12,0.5721,5.775,39.9,amber
KEMBA,Mombasa,2022,1,0.6464,3.77,38.5,amber
KEMBA,Mombasa,2022,2,0.6426,6.7,53.1,amber
KEMBA,Mombasa,2022,3,0.6798,6.464,57.4,amber
KEMBA,Mombasa,2022,4,0.6035,6.251,48.4,amber
KEMBA,Mombasa,2022,5,0.6447,3.829,38.6,amber
KEMBA,Mombasa,2022,6,0.6408,4.599,42.4,amber
KEMBA,Mombasa,2022,7,0.6275,4.139,38.8,amber
KEMBA,Mombasa,2022,8,0.6275,4.677,41.6,amber
KEMBA,Mombasa,2022,9,0.6342,4.163,38.9,amber
KEMBA,Mombasa,2022,10,0.6448,4.411,40.7,amber
KEMBA,Mombasa,2022,11,0.6284,4.158,36.0,amber
KEMBA,Mombasa,2022,12,0.6359,4.323,37.4,amber
KEMBA,Mombasa,2023,1,0.6473,5.218,42.4,amber
KEMBA,Mombasa,2023,2,0.6225,4.737,39.6,amber
KEMBA,Mombasa,2023,3,0.6106,4.656,37.0,amber
KEMBA,Mombasa,2023,4,0.6191,4.599,38.1,amber
KEMBA,Mombasa,2023,5,0.619,5.158,40.5,amber
KEMBA,Mombasa,2023,6,0.7131,4.55,42.4,amber
KEMBA,Mombasa,2023,7,0.6363,4.649,40.0,amber
KEMBA,Mombasa,2023,8,0.6347,4.471,39.2,amber
KEMBA,Mombasa,2023,9,0.6276,4.8,39.8,amber
KEMBA,Mombasa,2023,10,0.6311,6.802,52.7,amber
KEMBA,Mombasa,2023,11,0.6135,5.956,45.8,amber
KEMBA,Mombasa,2023,12,0.5537,4.999,38.9,amber
KEMBA,Mombasa,2024,1,0.6112,5.614,45.3,amber
KEMBA,Mombasa,2024,2,0.594,4.168,37.3,amber
KEMBA,Mombasa,2024,3,0.5941,4.682,37.7,amber
KEMBA,Mombasa,2024,4,0.6091,5.29,44.6,amber
KEMBA,Mombasa,2024,5,0.6081,4.101,39.4,amber
KEMBA,Mombasa,2024,6,0.6081,4.391,38.7,amber
KEMBA,Mombasa,2024,7,0.6218,5.31,41.6,amber
KEMBA,Mombasa,2024,8,0.6266,4.132,39.6,amber
KEMBA,Mombasa,2024,9,0.6243,4.561,39.5,amber
KEMBA,Mombasa,2024,10,0.6529,4.455,40.5,amber
KEMBA,Mombasa,2024,11,0.6326,4.143,36.9,amber
KEMBA,Mombasa,2024,12,0.6179,4.322,38.4,amber
ZADUR,Durban,2020,1,0.5861,3.773,30.6,green
ZADUR,Durban,2020,2,0.6655,5.663,38.5,amber
ZADUR,Durban,2020,3,0.6268,5.201,35.3,amber
ZADUR,Durban,2020,4,0.6595,5.836,38.7,amber
ZADUR,Durban,2020,5,0.6788,6.384,41.7,amber
ZADUR,Durban,2020,6,0.6959,5.789,40.1,amber
ZADUR,Durban,2020,7,0.6875,5.752,39.3,amber
ZADUR,Durban,2020,8,0.672,5.61,38.1,amber
ZADUR,Durban,2020,9,0.6909,5.628,39.7,amber
ZADUR,Durban,2020,10,0.6721,5.582,38.5,amber
ZADUR,Durban,2020,11,0.6718,5.103,36.2,amber
ZADUR,Durban,2020,12,0.6648,5.497,37.2,amber
ZADUR,Durban,2021,1,0.6502,5.084,35.6,amber
ZADUR,Durban,2021,2,0.662,6.041,39.9,amber
ZADUR,Durban,2021,3,0.6841,7.101,45.5,amber
ZADUR,Durban,2021,4,0.5954,5.08,33.9,amber
ZADUR,Durban,2021,5,0.6221,4.744,33.8,amber
ZADUR,Durban,2021,6,0.6656,5.442,37.5,amber
ZADUR,Durban,2021,7,0.6748,5.703,38.2,amber
ZADUR,Durban,2021,8,0.6423,4.912,35.1,amber
ZADUR,Durban,2021,9,0.6798,5.195,37.4,amber
ZADUR,Durban,2021,10,0.6912,6.747,52.8,amber
ZADUR,Durban,2021,11,0.7245,6.826,56.6,amber
ZADUR,Durban,2021,12,0.6615,6.446,51.0,amber
ZADUR,Durban,2022,1,0.6581,3.779,40.8,amber
ZADUR,Durban,2022,2,0.74,7.257,62.2,amber
ZADUR,Durban,2022,3,0.7552,7.927,72.0,red
ZADUR,Durban,2022,4,0.7217,6.859,61.4,amber
ZADUR,Durban,2022,5,0.6295,5.205,48.1,amber
ZADUR,Durban,2022,6,0.6526,5.313,48.6,amber
ZADUR,Durban,2022,7,0.6394,4.974,45.4,amber
ZADUR,Durban,2022,8,0.6188,4.988,47.0,amber
ZADUR,Durban,2022,9,0.6449,4.33,43.1,amber
ZADUR,Durban,2022,10,0.6707,4.153,43.3,amber
ZADUR,Durban,2022,11,0.6915,4.413,44.1,amber
ZADUR,Durban,2022,12,0.6655,4.966,45.9,amber
ZADUR,Durban,2023,1,0.6811,6.092,51.1,amber
ZADUR,Durban,2023,2,0.6652,5.214,47.0,amber
ZADUR,Durban,2023,3,0.6822,4.63,44.8,amber
ZADUR,Durban,2023,4,0.6688,5.78,51.0,amber
ZADUR,Durban,2023,5,0.684,5.243,48.1,amber
ZADUR,Durban,2023,6,0.6495,5.707,49.1,amber
ZADUR,Durban,2023,7,0.6639,4.694,46.0,amber
ZADUR,Durban,2023,8,0.6596,5.262,48.2,amber
ZADUR,Durban,2023,9,0.6659,4.866,46.6,amber
ZADUR,Durban,2023,10,0.7087,6.832,61.7,amber
ZADUR,Durban,2023,11,0.6959,6.362,55.1,amber
ZADUR,Durban,2023,12,0.6876,4.456,44.9,amber
ZADUR,Durban,2024,1,0.6403,6.04,49.6,amber
ZADUR,Durban,2024,2,0.6491,5.087,47.8,amber
ZADUR,Durban,2024,3,0.666,4.746,45.5,amber
ZADUR,Durban,2024,4,0.6691,6.769,57.8,amber
ZADUR,Durban,2024,5,0.6439,4.441,41.6,amber
ZADUR,Durban,2024,6,0.6529,5.472,49.2,amber
ZADUR,Durban,2024,7,0.6603,5.619,47.4,amber
ZADUR,Durban,2024,8,0.6528,4.66,47.1,amber
ZADUR,Durban,2024,9,0.6619,5.068,48.9,amber
ZADUR,Durban,2024,10,0.673,5.125,49.1,amber
ZADUR,Durban,2024,11,0.6494,5.147,48.7,amber
ZADUR,Durban,2024,12,0.665,4.557,44.7,amber
MATNG,Tanger Med,2020,1,0.315,1.451,9.7,green
MATNG,Tanger Med,2020,2,0.2807,1.365,4.7,green
MATNG,Tanger Med,2020,3,0.2662,1.288,4.1,green
MATNG,Tanger Med,2020,4,0.4285,1.339,10.4,green
MATNG,Tanger Med,2020,5,0.4252,1.357,10.3,green
MATNG,Tanger Med,2020,6,0.3947,1.328,9.0,green
MATNG,Tanger Med,2020,7,0.3728,1.324,7.9,green
MATNG,Tanger Med,2020,8,0.4144,1.324,9.5,green
MATNG,Tanger Med,2020,9,0.3838,1.316,9.0,green
MATNG,Tanger Med,2020,10,0.305,1.364,5.7,green
MATNG,Tanger Med,2020,11,0.3391,1.254,6.4,green
MATNG,Tanger Med,2020,12,0.3056,1.253,4.7,green
MATNG,Tanger Med,2021,1,0.313,1.487,6.7,green
MATNG,Tanger Med,2021,2,0.3633,1.471,8.5,green
MATNG,Tanger Med,2021,3,0.3166,1.377,6.4,green
MATNG,Tanger Med,2021,4,0.3164,1.279,6.5,green
MATNG,Tanger Med,2021,5,0.2907,1.269,5.6,green
MATNG,Tanger Med,2021,6,0.3115,1.28,5.6,green
MATNG,Tanger Med,2021,7,0.2,1.293,0.2,green
MATNG,Tanger Med,2021,8,0.2566,1.253,4.0,green
MATNG,Tanger Med,2021,9,0.308,1.215,5.5,green
MATNG,Tanger Med,2021,10,0.3415,1.198,11.3,green
MATNG,Tanger Med,2021,11,0.2863,1.254,10.7,green
MATNG,Tanger Med,2021,12,0.2719,1.274,12.0,green
MATNG,Tanger Med,2022,1,0.2309,1.281,11.9,green
MATNG,Tanger Med,2022,2,0.2729,1.386,17.7,green
MATNG,Tanger Med,2022,3,0.3357,1.355,24.5,green
MATNG,Tanger Med,2022,4,0.4578,1.287,25.5,green
MATNG,Tanger Med,2022,5,0.2826,1.285,12.1,green
MATNG,Tanger Med,2022,6,0.2401,1.272,10.1,green
MATNG,Tanger Med,2022,7,0.2205,1.289,7.1,green
MATNG,Tanger Med,2022,8,0.2071,1.245,6.6,green
MATNG,Tanger Med,2022,9,0.233,1.237,9.4,green
MATNG,Tanger Med,2022,10,0.2776,1.283,12.2,green
MATNG,Tanger Med,2022,11,0.2419,1.284,9.6,green
MATNG,Tanger Med,2022,12,0.3242,1.299,17.1,green
MATNG,Tanger Med,2023,1,0.2065,1.312,9.2,green
MATNG,Tanger Med,2023,2,0.2145,1.299,11.8,green
MATNG,Tanger Med,2023,3,0.2086,1.286,8.4,green
MATNG,Tanger Med,2023,4,0.2019,1.246,9.6,green
MATNG,Tanger Med,2023,5,0.1946,1.229,5.9,green
MATNG,Tanger Med,2023,6,0.1954,1.216,6.3,green
MATNG,Tanger Med,2023,7,0.2047,1.141,4.6,green
MATNG,Tanger Med,2023,8,0.1952,1.168,5.0,green
MATNG,Tanger Med,2023,9,0.1904,1.18,4.8,green
MATNG,Tanger Med,2023,10,0.4444,1.28,25.0,green
MATNG,Tanger Med,2023,11,0.2442,1.251,12.4,green
MATNG,Tanger Med,2023,12,0.2009,1.283,9.8,green
MATNG,Tanger Med,2024,1,0.2758,1.374,16.3,green
MATNG,Tanger Med,2024,2,0.2677,1.327,16.4,green
MATNG,Tanger Med,2024,3,0.2775,1.504,16.2,green
MATNG,Tanger Med,2024,4,0.3053,1.286,15.4,green
MATNG,Tanger Med,2024,5,0.216,1.265,8.2,green
MATNG,Tanger Med,2024,6,0.2011,1.2,5.9,green
MATNG,Tanger Med,2024,7,0.2115,1.212,5.0,green
MATNG,Tanger Med,2024,8,0.2154,1.141,7.3,green
MATNG,Tanger Med,2024,9,0.2052,1.216,7.9,green
MATNG,Tanger Med,2024,10,0.2339,1.221,11.8,green
MATNG,Tanger Med,2024,11,0.2349,1.252,9.7,green
MATNG,Tanger Med,2024,12,0.2601,1.257,13.7,green
YEATH,Aden,2020,1,0.594,4.041,32.0,green
YEATH,Aden,2020,2,0.6519,5.681,38.1,amber
YEATH,Aden,2020,3,0.6042,4.825,32.8,green
YEATH,Aden,2020,4,0.6381,6.414,40.2,amber
YEATH,Aden,2020,5,0.6696,5.86,39.2,amber
YEATH,Aden,2020,6,0.6901,7.945,48.9,amber
YEATH,Aden,2020,7,0.7027,6.939,44.9,amber
YEATH,Aden,2020,8,0.6781,6.106,40.4,amber
YEATH,Aden,2020,9,0.6407,5.877,38.7,amber
YEATH,Aden,2020,10,0.6705,5.169,36.7,amber
YEATH,Aden,2020,11,0.5584,5.968,35.1,amber
YEATH,Aden,2020,12,0.6852,5.473,37.9,amber
YEATH,Aden,2021,1,0.6637,5.338,37.2,amber
YEATH,Aden,2021,2,0.6634,6.007,39.8,amber
YEATH,Aden,2021,3,0.6231,6.696,41.3,amber
YEATH,Aden,2021,4,0.6334,5.265,36.2,amber
YEATH,Aden,2021,5,0.6336,5.418,37.1,amber
YEATH,Aden,2021,6,0.6456,5.458,36.8,amber
YEATH,Aden,2021,7,0.6605,5.501,36.8,amber
YEATH,Aden,2021,8,0.6253,5.016,34.9,amber
YEATH,Aden,2021,9,0.6944,5.459,39.1,amber
YEATH,Aden,2021,10,0.6186,5.275,39.9,amber
YEATH,Aden,2021,11,0.6178,5.171,38.2,amber
YEATH,Aden,2021,12,0.6379,4.896,38.6,amber
YEATH,Aden,2022,1,0.6126,4.091,36.6,amber
YEATH,Aden,2022,2,0.6207,6.376,50.5,amber
YEATH,Aden,2022,3,0.5803,6.59,53.7,amber
YEATH,Aden,2022,4,0.589,5.794,45.1,amber
YEATH,Aden,2022,5,0.6075,4.932,37.7,amber
YEATH,Aden,2022,6,0.6099,5.304,41.7,amber
YEATH,Aden,2022,7,0.6343,5.257,42.8,amber
YEATH,Aden,2022,8,0.6481,4.373,40.3,amber
YEATH,Aden,2022,9,0.6331,3.891,35.9,amber
YEATH,Aden,2022,10,0.6474,4.162,38.0,amber
YEATH,Aden,2022,11,0.5641,4.06,32.8,green
YEATH,Aden,2022,12,0.679,4.168,39.7,amber
YEATH,Aden,2023,1,0.5066,2.817,26.2,green
YEATH,Aden,2023,2,0.5124,2.865,26.1,green
YEATH,Aden,2023,3,0.5468,2.753,26.8,green
YEATH,Aden,2023,4,0.4965,2.676,24.3,green
YEATH,Aden,2023,5,0.5075,2.634,23.2,green
YEATH,Aden,2023,6,0.5128,2.626,25.2,green
YEATH,Aden,2023,7,0.4652,3.025,25.2,green
YEATH,Aden,2023,8,0.5373,2.972,27.9,green
YEATH,Aden,2023,9,0.4835,2.689,24.0,green
YEATH,Aden,2023,10,0.5622,3.258,34.6,amber
YEATH,Aden,2023,11,0.5049,3.406,29.6,green
YEATH,Aden,2023,12,0.4913,2.664,25.6,green
YEATH,Aden,2024,1,0.5785,5.614,43.4,amber
YEATH,Aden,2024,2,0.6006,3.959,36.2,amber
YEATH,Aden,2024,3,0.5985,5.012,39.5,amber
YEATH,Aden,2024,4,0.6093,5.277,42.5,amber
YEATH,Aden,2024,5,0.5803,3.819,33.0,green
YEATH,Aden,2024,6,0.6502,4.308,38.5,amber
YEATH,Aden,2024,7,0.6431,5.647,43.4,amber
YEATH,Aden,2024,8,0.6185,4.416,39.9,amber
YEATH,Aden,2024,9,0.5738,4.082,34.9,amber
YEATH,Aden,2024,10,0.6116,4.176,36.4,amber
YEATH,Aden,2024,11,0.5791,3.937,33.7,amber
YEATH,Aden,2024,12,0.5727,3.823,33.3,amber
IRBND,Bandar Abbas,2020,1,0.4542,1.66,16.3,green
IRBND,Bandar Abbas,2020,2,0.4325,2.015,13.7,green
IRBND,Bandar Abbas,2020,3,0.408,1.914,12.6,green
IRBND,Bandar Abbas,2020,4,0.4098,2.382,14.0,green
IRBND,Bandar Abbas,2020,5,0.3969,2.35,13.3,green
IRBND,Bandar Abbas,2020,6,0.395,2.549,14.2,green
IRBND,Bandar Abbas,2020,7,0.4782,1.987,15.0,green
IRBND,Bandar Abbas,2020,8,0.3463,2.133,10.1,green
IRBND,Bandar Abbas,2020,9,0.4006,2.086,12.9,green
IRBND,Bandar Abbas,2020,10,0.4939,2.428,18.0,green
IRBND,Bandar Abbas,2020,11,0.4457,2.262,15.0,green
IRBND,Bandar Abbas,2020,12,0.3671,2.124,10.9,green
IRBND,Bandar Abbas,2021,1,0.5455,3.027,22.6,green
IRBND,Bandar Abbas,2021,2,0.5923,4.095,28.9,green
IRBND,Bandar Abbas,2021,3,0.6256,4.413,31.8,green
IRBND,Bandar Abbas,2021,4,0.5588,3.371,25.2,green
IRBND,Bandar Abbas,2021,5,0.5275,3.021,22.7,green
IRBND,Bandar Abbas,2021,6,0.5468,3.318,23.8,green
IRBND,Bandar Abbas,2021,7,0.5099,3.074,20.4,green
IRBND,Bandar Abbas,2021,8,0.5465,2.82,22.4,green
IRBND,Bandar Abbas,2021,9,0.5167,3.453,23.4,green
IRBND,Bandar Abbas,2021,10,0.5232,3.593,25.9,green
IRBND,Bandar Abbas,2021,11,0.5188,3.194,24.6,green
IRBND,Bandar Abbas,2021,12,0.5175,3.286,25.9,green
IRBND,Bandar Abbas,2022,1,0.4792,2.821,25.2,green
IRBND,Bandar Abbas,2022,2,0.5446,3.372,34.4,amber
IRBND,Bandar Abbas,2022,3,0.6314,3.782,43.0,amber
IRBND,Bandar Abbas,2022,4,0.591,3.167,33.4,amber
IRBND,Bandar Abbas,2022,5,0.4741,2.79,24.2,green
IRBND,Bandar Abbas,2022,6,0.4984,2.823,25.1,green
IRBND,Bandar Abbas,2022,7,0.496,3.279,26.1,green
IRBND,Bandar Abbas,2022,8,0.5408,2.707,25.4,green
IRBND,Bandar Abbas,2022,9,0.4434,3.1,23.8,green
IRBND,Bandar Abbas,2022,10,0.5139,2.61,23.9,green
IRBND,Bandar Abbas,2022,11,0.4543,2.748,21.2,green
IRBND,Bandar Abbas,2022,12,0.5186,2.712,23.6,green
IRBND,Bandar Abbas,2023,1,0.4652,2.68,21.6,green
IRBND,Bandar Abbas,2023,2,0.4527,3.219,23.9,green
IRBND,Bandar Abbas,2023,3,0.6117,2.794,28.2,green
IRBND,Bandar Abbas,2023,4,0.5457,2.959,26.9,green
IRBND,Bandar Abbas,2023,5,0.476,3.143,23.7,green
IRBND,Bandar Abbas,2023,6,0.5006,2.802,23.4,green
IRBND,Bandar Abbas,2023,7,0.492,2.956,24.2,green
IRBND,Bandar Abbas,2023,8,0.5251,3.011,25.4,green
IRBND,Bandar Abbas,2023,9,0.4215,2.745,19.7,green
IRBND,Bandar Abbas,2023,10,0.5489,3.224,31.0,green
IRBND,Bandar Abbas,2023,11,0.5276,3.682,30.1,green
IRBND,Bandar Abbas,2023,12,0.4999,3.023,25.7,green
IRBND,Bandar Abbas,2024,1,0.5534,3.906,32.5,green
IRBND,Bandar Abbas,2024,2,0.5137,2.732,26.3,green
IRBND,Bandar Abbas,2024,3,0.4814,2.793,24.5,green
IRBND,Bandar Abbas,2024,4,0.5097,3.489,29.5,green
IRBND,Bandar Abbas,2024,5,0.4728,2.533,22.3,green
IRBND,Bandar Abbas,2024,6,0.4642,2.575,20.4,green
IRBND,Bandar Abbas,2024,7,0.4991,2.435,21.0,green
IRBND,Bandar Abbas,2024,8,0.4762,2.325,22.7,green
IRBND,Bandar Abbas,2024,9,0.512,2.14,22.0,green
IRBND,Bandar Abbas,2024,10,0.4764,2.296,20.9,green
IRBND,Bandar Abbas,2024,11,0.5173,2.484,22.9,green
IRBND,Bandar Abbas,2024,12,0.5047,2.831,25.1,green
PKKHJ,Karachi,2020,1,0.4579,1.797,17.0,green
PKKHJ,Karachi,2020,2,0.4231,1.768,12.3,green
PKKHJ,Karachi,2020,3,0.4041,2.002,12.8,green
PKKHJ,Karachi,2020,4,0.3992,2.514,14.1,green
PKKHJ,Karachi,2020,5,0.4025,2.692,14.9,green
PKKHJ,Karachi,2020,6,0.3608,2.417,12.2,green
PKKHJ,Karachi,2020,7,0.5074,2.912,20.0,green
PKKHJ,Karachi,2020,8,0.3736,2.561,13.0,green
PKKHJ,Karachi,2020,9,0.4335,2.513,16.1,green
PKKHJ,Karachi,2020,10,0.4986,2.156,17.0,green
PKKHJ,Karachi,2020,11,0.4426,2.484,15.8,green
PKKHJ,Karachi,2020,12,0.3466,2.53,11.7,green
PKKHJ,Karachi,2021,1,0.5683,3.314,24.8,green
PKKHJ,Karachi,2021,2,0.5876,3.604,26.6,green
PKKHJ,Karachi,2021,3,0.6004,3.823,28.3,green
PKKHJ,Karachi,2021,4,0.5617,3.93,27.6,green
PKKHJ,Karachi,2021,5,0.5713,3.312,25.7,green
PKKHJ,Karachi,2021,6,0.5812,3.839,27.3,green
PKKHJ,Karachi,2021,7,0.5444,3.783,24.8,green
PKKHJ,Karachi,2021,8,0.5486,3.062,23.5,green
PKKHJ,Karachi,2021,9,0.5305,3.623,24.7,green
PKKHJ,Karachi,2021,10,0.529,3.303,29.2,green
PKKHJ,Karachi,2021,11,0.5069,3.112,23.7,green
PKKHJ,Karachi,2021,12,0.5484,3.379,27.7,green
PKKHJ,Karachi,2022,1,0.565,3.253,34.8,amber
PKKHJ,Karachi,2022,2,0.6092,3.036,36.1,amber
PKKHJ,Karachi,2022,3,0.6096,4.068,45.5,amber
PKKHJ,Karachi,2022,4,0.5343,3.84,35.6,amber
PKKHJ,Karachi,2022,5,0.4992,3.336,31.4,green
PKKHJ,Karachi,2022,6,0.534,3.778,35.8,amber
PKKHJ,Karachi,2022,7,0.567,3.51,36.6,amber
PKKHJ,Karachi,2022,8,0.5458,3.224,35.0,amber
PKKHJ,Karachi,2022,9,0.4626,2.944,26.6,green
PKKHJ,Karachi,2022,10,0.5212,2.74,26.7,green
PKKHJ,Karachi,2022,11,0.4898,2.838,23.5,green
PKKHJ,Karachi,2022,12,0.4598,2.868,23.1,green
PKKHJ,Karachi,2023,1,0.4071,2.386,18.6,green
PKKHJ,Karachi,2023,2,0.3632,1.842,15.8,green
PKKHJ,Karachi,2023,3,0.3687,1.81,15.9,green
PKKHJ,Karachi,2023,4,0.3295,1.709,13.3,green
PKKHJ,Karachi,2023,5,0.4048,2.18,21.7,green
PKKHJ,Karachi,2023,6,0.4988,2.534,30.6,green
PKKHJ,Karachi,2023,7,0.4516,2.272,24.3,green
PKKHJ,Karachi,2023,8,0.4126,2.188,22.2,green
PKKHJ,Karachi,2023,9,0.3797,1.833,16.2,green
PKKHJ,Karachi,2023,10,0.4331,2.244,24.1,green
PKKHJ,Karachi,2023,11,0.3913,1.799,17.3,green
PKKHJ,Karachi,2023,12,0.3821,2.173,18.0,green
PKKHJ,Karachi,2024,1,0.4839,2.913,26.0,green
PKKHJ,Karachi,2024,2,0.5259,3.427,30.8,green
PKKHJ,Karachi,2024,3,0.4783,3.119,26.3,green
PKKHJ,Karachi,2024,4,0.5371,2.976,30.9,green
PKKHJ,Karachi,2024,5,0.5057,3.225,30.8,green
PKKHJ,Karachi,2024,6,0.5447,3.002,31.0,green
PKKHJ,Karachi,2024,7,0.5839,3.243,34.5,amber
PKKHJ,Karachi,2024,8,0.5287,2.968,32.3,green
PKKHJ,Karachi,2024,9,0.461,2.871,27.0,green
PKKHJ,Karachi,2024,10,0.4947,2.957,26.9,green
PKKHJ,Karachi,2024,11,0.4912,2.958,24.7,green
PKKHJ,Karachi,2024,12,0.4865,2.887,25.2,green
USLAX,Los Angeles,2020,1,0.4598,2.852,21.5,green
USLAX,Los Angeles,2020,2,0.5005,3.082,21.0,green
USLAX,Los Angeles,2020,3,0.4979,2.847,20.1,green
USLAX,Los Angeles,2020,4,0.5865,4.785,31.3,green
USLAX,Los Angeles,2020,5,0.6498,4.472,32.5,green
USLAX,Los Angeles,2020,6,0.6254,5.642,36.6,amber
USLAX,Los Angeles,2020,7,0.5785,4.713,30.5,green
USLAX,Los Angeles,2020,8,0.5551,4.638,29.2,green
USLAX,Los Angeles,2020,9,0.573,3.596,26.3,green
USLAX,Los Angeles,2020,10,0.5207,4.042,25.8,green
USLAX,Los Angeles,2020,11,0.6,3.745,27.5,green
USLAX,Los Angeles,2020,12,0.5471,3.961,25.9,green
USLAX,Los Angeles,2021,1,0.6425,5.636,37.6,amber
USLAX,Los Angeles,2021,2,0.6383,5.658,37.3,amber
USLAX,Los Angeles,2021,3,0.6682,6.311,41.5,amber
USLAX,Los Angeles,2021,4,0.616,4.923,34.0,amber
USLAX,Los Angeles,2021,5,0.6224,4.568,33.1,amber
USLAX,Los Angeles,2021,6,0.6361,5.124,35.0,amber
USLAX,Los Angeles,2021,7,0.641,5.058,34.1,amber
USLAX,Los Angeles,2021,8,0.6104,4.702,32.9,green
USLAX,Los Angeles,2021,9,0.6475,4.706,34.0,amber
USLAX,Los Angeles,2021,10,0.7896,9.857,69.1,red
USLAX,Los Angeles,2021,11,0.847,9.481,66.7,red
USLAX,Los Angeles,2021,12,0.8843,12.233,83.4,red
USLAX,Los Angeles,2022,1,0.883,11.551,80.1,red
USLAX,Los Angeles,2022,2,0.8768,13.109,91.7,red
USLAX,Los Angeles,2022,3,0.8835,13.835,100.0,red
USLAX,Los Angeles,2022,4,0.5943,5.797,48.0,amber
USLAX,Los Angeles,2022,5,0.5816,3.859,37.2,amber
USLAX,Los Angeles,2022,6,0.6336,4.071,37.7,amber
USLAX,Los Angeles,2022,7,0.5871,3.912,33.2,amber
USLAX,Los Angeles,2022,8,0.5986,3.889,34.2,amber
USLAX,Los Angeles,2022,9,0.6074,3.984,35.7,amber
USLAX,Los Angeles,2022,10,0.6223,4.307,38.4,amber
USLAX,Los Angeles,2022,11,0.6334,4.893,42.3,amber
USLAX,Los Angeles,2022,12,0.6798,4.456,40.6,amber
USLAX,Los Angeles,2023,1,0.6394,5.338,46.9,amber
USLAX,Los Angeles,2023,2,0.6176,5.844,49.9,amber
USLAX,Los Angeles,2023,3,0.6372,3.852,37.7,amber
USLAX,Los Angeles,2023,4,0.5756,4.579,38.8,amber
USLAX,Los Angeles,2023,5,0.5817,4.1,33.7,amber
USLAX,Los Angeles,2023,6,0.5863,4.146,33.7,amber
USLAX,Los Angeles,2023,7,0.5922,4.141,33.9,amber
USLAX,Los Angeles,2023,8,0.5952,4.215,34.6,amber
USLAX,Los Angeles,2023,9,0.5835,4.209,33.7,amber
USLAX,Los Angeles,2023,10,0.6565,6.298,51.4,amber
USLAX,Los Angeles,2023,11,0.5995,4.983,42.1,amber
USLAX,Los Angeles,2023,12,0.6538,5.191,47.2,amber
USLAX,Los Angeles,2024,1,0.6266,6.105,49.9,amber
USLAX,Los Angeles,2024,2,0.6201,4.756,44.3,amber
USLAX,Los Angeles,2024,3,0.6119,4.112,39.2,amber
USLAX,Los Angeles,2024,4,0.615,5.945,48.7,amber
USLAX,Los Angeles,2024,5,0.593,4.598,37.9,amber
USLAX,Los Angeles,2024,6,0.5985,4.384,36.3,amber
USLAX,Los Angeles,2024,7,0.6069,4.732,36.1,amber
USLAX,Los Angeles,2024,8,0.5916,4.09,35.3,amber
USLAX,Los Angeles,2024,9,0.5846,4.263,36.0,amber
USLAX,Los Angeles,2024,10,0.6328,4.102,38.6,amber
USLAX,Los Angeles,2024,11,0.6296,4.758,42.3,amber
USLAX,Los Angeles,2024,12,0.6408,4.463,42.4,amber
USLGB,Long Beach,2020,1,0.4452,2.907,21.2,green
USLGB,Long Beach,2020,2,0.4679,3.467,21.2,green
USLGB,Long Beach,2020,3,0.4459,3.189,19.5,green
USLGB,Long Beach,2020,4,0.5977,4.114,28.9,green
USLGB,Long Beach,2020,5,0.6357,4.603,32.5,green
USLGB,Long Beach,2020,6,0.6219,5.328,35.1,amber
USLGB,Long Beach,2020,7,0.625,4.597,31.9,green
USLGB,Long Beach,2020,8,0.5931,4.739,31.2,green
USLGB,Long Beach,2020,9,0.5496,4.876,30.7,green
USLGB,Long Beach,2020,10,0.505,4.086,25.4,green
USLGB,Long Beach,2020,11,0.5745,3.684,26.2,green
USLGB,Long Beach,2020,12,0.559,3.894,26.2,green
USLGB,Long Beach,2021,1,0.6657,5.803,39.2,amber
USLGB,Long Beach,2021,2,0.6599,5.432,37.2,amber
USLGB,Long Beach,2021,3,0.6642,6.123,40.6,amber
USLGB,Long Beach,2021,4,0.6389,4.53,33.3,amber
USLGB,Long Beach,2021,5,0.6245,4.707,33.7,amber
USLGB,Long Beach,2021,6,0.6495,5.32,36.4,amber
USLGB,Long Beach,2021,7,0.6525,4.976,34.2,amber
USLGB,Long Beach,2021,8,0.6187,4.72,33.4,amber
USLGB,Long Beach,2021,9,0.6479,4.771,34.3,amber
USLGB,Long Beach,2021,10,0.7776,8.805,63.4,amber
USLGB,Long Beach,2021,11,0.7895,9.065,62.3,amber
USLGB,Long Beach,2021,12,0.783,10.412,71.0,red
USLGB,Long Beach,2022,1,0.8809,11.689,80.1,red
USLGB,Long Beach,2022,2,0.8881,12.458,88.8,red
USLGB,Long Beach,2022,3,0.892,13.835,99.7,red
USLGB,Long Beach,2022,4,0.6725,5.906,51.1,amber
USLGB,Long Beach,2022,5,0.6328,4.304,40.5,amber
USLGB,Long Beach,2022,6,0.6524,5.127,42.5,amber
USLGB,Long Beach,2022,7,0.6019,4.335,35.5,amber
USLGB,Long Beach,2022,8,0.6074,4.326,36.6,amber
USLGB,Long Beach,2022,9,0.6087,4.398,37.9,amber
USLGB,Long Beach,2022,10,0.6129,4.361,38.0,amber
USLGB,Long Beach,2022,11,0.6258,4.79,40.9,amber
USLGB,Long Beach,2022,12,0.632,4.786,39.7,amber
USLGB,Long Beach,2023,1,0.6539,5.058,45.7,amber
USLGB,Long Beach,2023,2,0.6172,6.945,54.0,amber
USLGB,Long Beach,2023,3,0.6325,4.427,39.4,amber
USLGB,Long Beach,2023,4,0.604,4.218,37.8,amber
USLGB,Long Beach,2023,5,0.5948,4.351,35.0,amber
USLGB,Long Beach,2023,6,0.5802,4.073,33.1,amber
USLGB,Long Beach,2023,7,0.5894,3.974,32.9,green
USLGB,Long Beach,2023,8,0.6002,4.26,35.2,amber
USLGB,Long Beach,2023,9,0.5912,4.128,33.4,amber
USLGB,Long Beach,2023,10,0.6139,6.469,50.1,amber
USLGB,Long Beach,2023,11,0.6437,6.063,48.0,amber
USLGB,Long Beach,2023,12,0.6599,5.244,47.0,amber
USLGB,Long Beach,2024,1,0.6647,6.21,51.4,amber
USLGB,Long Beach,2024,2,0.6174,4.188,41.6,amber
USLGB,Long Beach,2024,3,0.5975,4.495,39.6,amber
USLGB,Long Beach,2024,4,0.6121,5.391,45.6,amber
USLGB,Long Beach,2024,5,0.6069,4.314,37.0,amber
USLGB,Long Beach,2024,6,0.599,4.218,35.2,amber
USLGB,Long Beach,2024,7,0.6152,4.641,35.8,amber
USLGB,Long Beach,2024,8,0.6001,4.3,36.5,amber
USLGB,Long Beach,2024,9,0.5775,4.209,35.1,amber
USLGB,Long Beach,2024,10,0.5995,4.117,36.8,amber
USLGB,Long Beach,2024,11,0.6174,5.03,42.3,amber
USLGB,Long Beach,2024,12,0.6302,4.627,42.2,amber
USNYC,New York,2020,1,0.4499,1.762,16.5,green
USNYC,New York,2020,2,0.4436,1.671,12.7,green
USNYC,New York,2020,3,0.4186,1.694,12.1,green
USNYC,New York,2020,4,0.5463,2.238,19.0,green
USNYC,New York,2020,5,0.5362,2.643,20.2,green
USNYC,New York,2020,6,0.5551,2.318,19.7,green
USNYC,New York,2020,7,0.5351,2.266,18.5,green
USNYC,New York,2020,8,0.52,2.344,18.1,green
USNYC,New York,2020,9,0.5365,1.968,18.0,green
USNYC,New York,2020,10,0.4555,2.276,15.7,green
USNYC,New York,2020,11,0.4599,2.163,15.1,green
USNYC,New York,2020,12,0.4228,1.997,12.6,green
USNYC,New York,2021,1,0.6412,5.727,37.9,amber
USNYC,New York,2021,2,0.6268,6.447,40.1,amber
USNYC,New York,2021,3,0.6336,6.112,39.3,amber
USNYC,New York,2021,4,0.598,4.802,32.8,green
USNYC,New York,2021,5,0.6237,4.306,32.0,green
USNYC,New York,2021,6,0.6304,4.984,34.2,amber
USNYC,New York,2021,7,0.6275,4.771,32.3,green
USNYC,New York,2021,8,0.6023,4.668,32.5,green
USNYC,New York,2021,9,0.6254,4.857,33.8,amber
USNYC,New York,2021,10,0.6281,5.212,38.8,amber
USNYC,New York,2021,11,0.5991,5.435,38.1,amber
USNYC,New York,2021,12,0.6307,5.337,39.3,amber
USNYC,New York,2022,1,0.5926,3.837,34.6,amber
USNYC,New York,2022,2,0.6765,6.454,51.9,amber
USNYC,New York,2022,3,0.6879,5.954,54.6,amber
USNYC,New York,2022,4,0.6575,6.305,49.8,amber
USNYC,New York,2022,5,0.6,4.514,36.8,amber
USNYC,New York,2022,6,0.5997,4.074,33.8,amber
USNYC,New York,2022,7,0.5986,4.153,32.9,green
USNYC,New York,2022,8,0.5975,4.144,33.5,amber
USNYC,New York,2022,9,0.5914,3.888,32.5,green
USNYC,New York,2022,10,0.6187,4.381,37.1,amber
USNYC,New York,2022,11,0.5934,4.163,33.8,amber
USNYC,New York,2022,12,0.5953,4.2,34.4,amber
USNYC,New York,2023,1,0.6003,2.971,28.1,green
USNYC,New York,2023,2,0.4971,2.757,23.8,green
USNYC,New York,2023,3,0.5161,2.608,24.1,green
USNYC,New York,2023,4,0.4869,2.594,23.1,green
USNYC,New York,2023,5,0.5129,2.667,23.3,green
USNYC,New York,2023,6,0.4967,2.718,23.0,green
USNYC,New York,2023,7,0.5144,2.633,22.4,green
USNYC,New York,2023,8,0.597,2.84,26.8,green
USNYC,New York,2023,9,0.4918,2.627,22.3,green
USNYC,New York,2023,10,0.44,3.399,27.7,green
USNYC,New York,2023,11,0.4758,3.016,27.7,green
USNYC,New York,2023,12,0.449,2.666,23.8,green
USNYC,New York,2024,1,0.4548,3.61,29.2,green
USNYC,New York,2024,2,0.4814,2.91,24.9,green
USNYC,New York,2024,3,0.4639,2.844,24.3,green
USNYC,New York,2024,4,0.4949,3.629,30.6,green
USNYC,New York,2024,5,0.4717,2.973,24.1,green
USNYC,New York,2024,6,0.4724,2.828,22.7,green
USNYC,New York,2024,7,0.556,3.061,25.7,green
USNYC,New York,2024,8,0.4582,2.893,24.4,green
USNYC,New York,2024,9,0.4677,2.606,22.0,green
USNYC,New York,2024,10,0.4764,2.738,23.0,green
USNYC,New York,2024,11,0.474,2.874,23.1,green
USNYC,New York,2024,12,0.4772,2.758,24.2,green
USSAV,Savannah,2020,1,0.4772,1.776,17.7,green
USSAV,Savannah,2020,2,0.4406,1.651,12.5,green
USSAV,Savannah,2020,3,0.389,1.642,10.6,green
USSAV,Savannah,2020,4,0.5455,2.219,18.8,green
USSAV,Savannah,2020,5,0.4819,2.496,17.4,green
USSAV,Savannah,2020,6,0.4981,2.148,16.7,green
USSAV,Savannah,2020,7,0.5549,1.965,18.0,green
USSAV,Savannah,2020,8,0.4838,2.505,17.3,green
USSAV,Savannah,2020,9,0.4866,2.046,16.3,green
USSAV,Savannah,2020,10,0.4417,1.876,13.5,green
USSAV,Savannah,2020,11,0.454,2.174,14.9,green
USSAV,Savannah,2020,12,0.4117,2.039,12.3,green
USSAV,Savannah,2021,1,0.6629,5.44,37.6,amber
USSAV,Savannah,2021,2,0.6872,6.489,42.8,amber
USSAV,Savannah,2021,3,0.6998,5.278,38.5,amber
USSAV,Savannah,2021,4,0.6271,5.394,36.5,amber
USSAV,Savannah,2021,5,0.6496,4.729,34.9,amber
USSAV,Savannah,2021,6,0.6196,5.354,35.3,amber
USSAV,Savannah,2021,7,0.6605,4.807,33.9,amber
USSAV,Savannah,2021,8,0.6187,4.85,33.9,amber
USSAV,Savannah,2021,9,0.6638,4.408,33.5,amber
USSAV,Savannah,2021,10,0.6526,5.223,38.0,amber
USSAV,Savannah,2021,11,0.6089,4.903,36.5,amber
USSAV,Savannah,2021,12,0.648,5.529,41.0,amber
USSAV,Savannah,2022,1,0.593,3.774,34.1,amber
USSAV,Savannah,2022,2,0.6527,6.408,50.8,amber
USSAV,Savannah,2022,3,0.69,7.074,60.2,amber
USSAV,Savannah,2022,4,0.619,6.229,47.4,amber
USSAV,Savannah,2022,5,0.594,3.976,33.9,amber
USSAV,Savannah,2022,6,0.5291,4.234,32.6,green
USSAV,Savannah,2022,7,0.6162,4.083,33.6,amber
USSAV,Savannah,2022,8,0.6156,4.498,35.9,amber
USSAV,Savannah,2022,9,0.6091,4.548,39.5,amber
USSAV,Savannah,2022,10,0.6082,4.255,36.3,amber
USSAV,Savannah,2022,11,0.6218,4.423,38.5,amber
USSAV,Savannah,2022,12,0.6141,4.305,35.6,amber
USSAV,Savannah,2023,1,0.6025,4.353,34.5,amber
USSAV,Savannah,2023,2,0.6059,3.806,33.5,amber
USSAV,Savannah,2023,3,0.6304,3.089,29.8,green
USSAV,Savannah,2023,4,0.5838,4.266,34.1,amber
USSAV,Savannah,2023,5,0.5936,4.343,34.5,amber
USSAV,Savannah,2023,6,0.5867,4.164,33.5,amber
USSAV,Savannah,2023,7,0.581,4.358,32.8,green
USSAV,Savannah,2023,8,0.6073,4.527,36.6,amber
USSAV,Savannah,2023,9,0.6052,4.014,32.8,green
USSAV,Savannah,2023,10,0.6158,6.375,48.7,amber
USSAV,Savannah,2023,11,0.6023,5.614,42.4,amber
USSAV,Savannah,2023,12,0.6115,4.314,37.7,amber
USSAV,Savannah,2024,1,0.5927,5.2,41.9,amber
USSAV,Savannah,2024,2,0.6007,4.129,36.8,amber
USSAV,Savannah,2024,3,0.6048,4.378,36.8,amber
USSAV,Savannah,2024,4,0.6237,5.986,45.4,amber
USSAV,Savannah,2024,5,0.6022,4.319,35.8,amber
USSAV,Savannah,2024,6,0.5857,4.096,33.2,amber
USSAV,Savannah,2024,7,0.5992,4.548,34.6,amber
USSAV,Savannah,2024,8,0.5955,3.981,36.6,amber
USSAV,Savannah,2024,9,0.6071,4.021,36.9,amber
USSAV,Savannah,2024,10,0.5953,4.315,36.1,amber
USSAV,Savannah,2024,11,0.5733,3.978,32.9,green
USSAV,Savannah,2024,12,0.6074,3.895,35.2,amber
USHOU,Houston,2020,1,0.4889,2.99,23.3,green
USHOU,Houston,2020,2,0.5446,3.659,25.2,green
USHOU,Houston,2020,3,0.5495,3.408,24.6,green
USHOU,Houston,2020,4,0.6438,3.891,29.9,green
USHOU,Houston,2020,5,0.659,4.002,30.9,green
USHOU,Houston,2020,6,0.675,4.669,34.5,amber
USHOU,Houston,2020,7,0.6455,3.336,27.5,green
USHOU,Houston,2020,8,0.6251,3.426,27.0,green
USHOU,Houston,2020,9,0.5833,4.158,29.1,green
USHOU,Houston,2020,10,0.5815,2.952,23.7,green
USHOU,Houston,2020,11,0.5753,3.341,24.8,green
USHOU,Houston,2020,12,0.5575,3.486,24.4,green
USHOU,Houston,2021,1,0.6147,3.5,27.5,green
USHOU,Houston,2021,2,0.5967,3.755,27.6,green
USHOU,Houston,2021,3,0.5682,3.543,25.8,green
USHOU,Houston,2021,4,0.5475,3.139,23.7,green
USHOU,Houston,2021,5,0.5426,2.907,22.8,green
USHOU,Houston,2021,6,0.5327,3.665,24.6,green
USHOU,Houston,2021,7,0.5709,2.996,22.6,green
USHOU,Houston,2021,8,0.5399,3.06,23.2,green
USHOU,Houston,2021,9,0.5296,3.192,22.9,green
USHOU,Houston,2021,10,0.5299,3.516,24.1,green
USHOU,Houston,2021,11,0.514,3.372,23.3,green
USHOU,Houston,2021,12,0.5229,3.186,23.8,green
USHOU,Houston,2022,1,0.5859,3.721,30.3,green
USHOU,Houston,2022,2,0.6516,7.381,52.4,amber
USHOU,Houston,2022,3,0.6797,6.733,55.1,amber
USHOU,Houston,2022,4,0.5969,5.102,39.3,amber
USHOU,Houston,2022,5,0.5878,4.156,32.4,green
USHOU,Houston,2022,6,0.5895,4.452,33.2,amber
USHOU,Houston,2022,7,0.5869,4.212,31.3,green
USHOU,Houston,2022,8,0.5928,4.289,32.7,green
USHOU,Houston,2022,9,0.585,4.299,32.4,green
USHOU,Houston,2022,10,0.6092,4.562,35.1,amber
USHOU,Houston,2022,11,0.6013,4.636,33.7,amber
USHOU,Houston,2022,12,0.6142,4.586,33.7,amber
USHOU,Houston,2023,1,0.6239,4.421,33.1,amber
USHOU,Houston,2023,2,0.6122,4.135,32.3,green
USHOU,Houston,2023,3,0.6266,3.9,31.1,green
USHOU,Houston,2023,4,0.5857,4.132,30.4,green
USHOU,Houston,2023,5,0.5856,3.844,29.3,green
USHOU,Houston,2023,6,0.6046,4.062,31.1,green
USHOU,Houston,2023,7,0.5971,4.688,33.3,amber
USHOU,Houston,2023,8,0.5937,4.607,32.5,green
USHOU,Houston,2023,9,0.6041,3.646,28.7,green
USHOU,Houston,2023,10,0.6312,6.609,47.4,amber
USHOU,Houston,2023,11,0.6115,5.692,40.6,amber
USHOU,Houston,2023,12,0.6232,4.284,34.4,amber
USHOU,Houston,2024,1,0.6039,4.713,36.4,amber
USHOU,Houston,2024,2,0.6025,3.881,32.1,green
USHOU,Houston,2024,3,0.6302,4.441,34.9,amber
USHOU,Houston,2024,4,0.6066,5.979,42.0,amber
USHOU,Houston,2024,5,0.6173,4.38,34.0,amber
USHOU,Houston,2024,6,0.5935,4.182,31.3,green
USHOU,Houston,2024,7,0.614,4.805,33.7,amber
USHOU,Houston,2024,8,0.6032,4.355,33.8,amber
USHOU,Houston,2024,9,0.5961,4.127,32.0,green
USHOU,Houston,2024,10,0.6058,4.277,33.1,amber
USHOU,Houston,2024,11,0.5989,4.162,32.2,green
USHOU,Houston,2024,12,0.6105,4.395,34.4,amber
BRSSZ,Santos,2020,1,0.5027,1.917,19.4,green
BRSSZ,Santos,2020,2,0.421,2.359,14.7,green
BRSSZ,Santos,2020,3,0.4636,1.767,14.2,green
BRSSZ,Santos,2020,4,0.5393,2.469,19.6,green
BRSSZ,Santos,2020,5,0.5311,2.598,19.8,green
BRSSZ,Santos,2020,6,0.5099,2.657,19.3,green
BRSSZ,Santos,2020,7,0.5569,2.546,20.5,green
BRSSZ,Santos,2020,8,0.536,2.556,19.7,green
BRSSZ,Santos,2020,9,0.458,2.551,17.2,green
BRSSZ,Santos,2020,10,0.4206,2.213,14.0,green
BRSSZ,Santos,2020,11,0.4559,2.085,14.6,green
BRSSZ,Santos,2020,12,0.3813,2.313,12.2,green
BRSSZ,Santos,2021,1,0.5331,3.188,22.8,green
BRSSZ,Santos,2021,2,0.5302,3.265,22.8,green
BRSSZ,Santos,2021,3,0.5846,4.075,28.7,green
BRSSZ,Santos,2021,4,0.5155,3.763,25.1,green
BRSSZ,Santos,2021,5,0.5081,3.058,22.0,green
BRSSZ,Santos,2021,6,0.5295,2.886,21.2,green
BRSSZ,Santos,2021,7,0.5414,2.484,19.2,green
BRSSZ,Santos,2021,8,0.5634,2.927,23.6,green
BRSSZ,Santos,2021,9,0.5506,3.231,23.9,green
BRSSZ,Santos,2021,10,0.4989,3.337,28.0,green
BRSSZ,Santos,2021,11,0.5247,3.553,30.3,green
BRSSZ,Santos,2021,12,0.5646,3.396,31.6,green
BRSSZ,Santos,2022,1,0.5082,3.168,31.1,green
BRSSZ,Santos,2022,2,0.5523,5.022,42.4,amber
BRSSZ,Santos,2022,3,0.729,4.816,56.1,amber
BRSSZ,Santos,2022,4,0.6484,5.068,49.3,amber
BRSSZ,Santos,2022,5,0.562,3.997,39.2,amber
BRSSZ,Santos,2022,6,0.5617,3.331,34.5,amber
BRSSZ,Santos,2022,7,0.5142,3.854,33.6,amber
BRSSZ,Santos,2022,8,0.5289,3.794,38.1,amber
BRSSZ,Santos,2022,9,0.4957,3.319,31.1,green
BRSSZ,Santos,2022,10,0.5094,3.213,30.4,green
BRSSZ,Santos,2022,11,0.5326,3.494,34.3,amber
BRSSZ,Santos,2022,12,0.479,3.41,29.7,green
BRSSZ,Santos,2023,1,0.5731,4.674,36.5,amber
BRSSZ,Santos,2023,2,0.6315,5.236,47.2,amber
BRSSZ,Santos,2023,3,0.6212,5.187,43.0,amber
BRSSZ,Santos,2023,4,0.6407,4.267,42.0,amber
BRSSZ,Santos,2023,5,0.6195,4.716,40.7,amber
BRSSZ,Santos,2023,6,0.6349,5.887,48.4,amber
BRSSZ,Santos,2023,7,0.6934,4.185,42.4,amber
BRSSZ,Santos,2023,8,0.5709,5.73,45.7,amber
BRSSZ,Santos,2023,9,0.6547,4.09,41.3,amber
BRSSZ,Santos,2023,10,0.6659,8.172,61.5,amber
BRSSZ,Santos,2023,11,0.7864,5.405,55.1,amber
BRSSZ,Santos,2023,12,0.6245,4.054,39.6,amber
BRSSZ,Santos,2024,1,0.6798,5.471,49.5,amber
BRSSZ,Santos,2024,2,0.644,4.482,43.6,amber
BRSSZ,Santos,2024,3,0.6257,4.203,40.3,amber
BRSSZ,Santos,2024,4,0.6196,5.257,45.1,amber
BRSSZ,Santos,2024,5,0.6423,4.818,44.6,amber
BRSSZ,Santos,2024,6,0.6518,5.179,46.7,amber
BRSSZ,Santos,2024,7,0.6589,5.151,45.3,amber
BRSSZ,Santos,2024,8,0.644,5.054,47.5,amber
BRSSZ,Santos,2024,9,0.621,4.388,39.7,amber
BRSSZ,Santos,2024,10,0.6472,4.386,41.1,amber
BRSSZ,Santos,2024,11,0.6467,4.47,41.7,amber
BRSSZ,Santos,2024,12,0.6441,4.16,40.5,amber
MXZLO,Manzanillo MX,2020,1,0.5084,2.002,20.0,green
MXZLO,Manzanillo MX,2020,2,0.3982,2.396,13.9,green
MXZLO,Manzanillo MX,2020,3,0.4067,2.58,15.3,green
MXZLO,Manzanillo MX,2020,4,0.5115,2.712,19.5,green
MXZLO,Manzanillo MX,2020,5,0.4718,2.916,18.7,green
MXZLO,Manzanillo MX,2020,6,0.5152,2.455,18.7,green
MXZLO,Manzanillo MX,2020,7,0.5454,2.559,20.1,green
MXZLO,Manzanillo MX,2020,8,0.47,2.558,17.0,green
MXZLO,Manzanillo MX,2020,9,0.4961,2.357,18.0,green
MXZLO,Manzanillo MX,2020,10,0.4654,2.42,16.7,green
MXZLO,Manzanillo MX,2020,11,0.4739,2.354,16.5,green
MXZLO,Manzanillo MX,2020,12,0.4421,2.167,14.1,green
MXZLO,Manzanillo MX,2021,1,0.5351,3.397,23.8,green
MXZLO,Manzanillo MX,2021,2,0.5509,3.472,24.6,green
MXZLO,Manzanillo MX,2021,3,0.5256,3.511,23.9,green
MXZLO,Manzanillo MX,2021,4,0.5391,3.195,23.6,green
MXZLO,Manzanillo MX,2021,5,0.5732,2.839,23.8,green
MXZLO,Manzanillo MX,2021,6,0.5557,3.529,25.0,green
MXZLO,Manzanillo MX,2021,7,0.57,3.306,23.8,green
MXZLO,Manzanillo MX,2021,8,0.5528,3.249,24.5,green
MXZLO,Manzanillo MX,2021,9,0.5373,3.389,24.0,green
MXZLO,Manzanillo MX,2021,10,0.557,4.176,34.5,amber
MXZLO,Manzanillo MX,2021,11,0.5274,3.776,30.0,green
MXZLO,Manzanillo MX,2021,12,0.5383,3.79,30.9,green
MXZLO,Manzanillo MX,2022,1,0.5942,4.025,35.7,amber
MXZLO,Manzanillo MX,2022,2,0.6508,6.217,51.2,amber
MXZLO,Manzanillo MX,2022,3,0.6665,7.077,59.7,amber
MXZLO,Manzanillo MX,2022,4,0.6288,6.304,50.3,amber
MXZLO,Manzanillo MX,2022,5,0.6182,3.956,37.7,amber
MXZLO,Manzanillo MX,2022,6,0.6265,5.187,47.6,amber
MXZLO,Manzanillo MX,2022,7,0.5883,4.534,39.6,amber
MXZLO,Manzanillo MX,2022,8,0.6266,3.699,37.0,amber
MXZLO,Manzanillo MX,2022,9,0.6197,4.571,45.2,amber
MXZLO,Manzanillo MX,2022,10,0.6145,4.391,42.2,amber
MXZLO,Manzanillo MX,2022,11,0.6182,4.016,36.4,amber
MXZLO,Manzanillo MX,2022,12,0.6009,4.056,35.0,amber
MXZLO,Manzanillo MX,2023,1,0.6082,4.754,39.7,amber
MXZLO,Manzanillo MX,2023,2,0.6115,3.9,35.8,amber
MXZLO,Manzanillo MX,2023,3,0.5814,3.78,33.3,amber
MXZLO,Manzanillo MX,2023,4,0.6062,4.282,36.6,amber
MXZLO,Manzanillo MX,2023,5,0.6182,4.413,38.4,amber
MXZLO,Manzanillo MX,2023,6,0.6258,5.303,43.8,amber
MXZLO,Manzanillo MX,2023,7,0.6486,5.457,46.0,amber
MXZLO,Manzanillo MX,2023,8,0.684,5.63,49.2,amber
MXZLO,Manzanillo MX,2023,9,0.6741,5.868,46.9,amber
MXZLO,Manzanillo MX,2023,10,0.7528,7.363,65.7,amber
MXZLO,Manzanillo MX,2023,11,0.7282,7.637,57.5,amber
MXZLO,Manzanillo MX,2023,12,0.6714,4.468,41.4,amber
MXZLO,Manzanillo MX,2024,1,0.6761,5.493,47.2,amber
MXZLO,Manzanillo MX,2024,2,0.6321,4.183,39.6,amber
MXZLO,Manzanillo MX,2024,3,0.6119,3.572,34.9,amber
MXZLO,Manzanillo MX,2024,4,0.6304,6.202,48.6,amber
MXZLO,Manzanillo MX,2024,5,0.6077,4.014,36.6,amber
MXZLO,Manzanillo MX,2024,6,0.6153,4.011,36.5,amber
MXZLO,Manzanillo MX,2024,7,0.6304,4.844,39.7,amber
MXZLO,Manzanillo MX,2024,8,0.5961,3.9,38.1,amber
MXZLO,Manzanillo MX,2024,9,0.6075,4.266,39.7,amber
MXZLO,Manzanillo MX,2024,10,0.6313,4.186,38.8,amber
MXZLO,Manzanillo MX,2024,11,0.6579,4.333,40.3,amber
MXZLO,Manzanillo MX,2024,12,0.6283,4.12,38.6,amber
COCTG,Cartagena,2020,1,0.5135,1.963,20.0,green
COCTG,Cartagena,2020,2,0.438,1.981,13.8,green
COCTG,Cartagena,2020,3,0.4365,1.822,13.3,green
COCTG,Cartagena,2020,4,0.5315,2.807,20.7,green
COCTG,Cartagena,2020,5,0.5376,2.674,20.4,green
COCTG,Cartagena,2020,6,0.4512,2.623,16.8,green
COCTG,Cartagena,2020,7,0.5795,2.264,20.3,green
COCTG,Cartagena,2020,8,0.4948,2.477,17.6,green
COCTG,Cartagena,2020,9,0.4952,2.576,18.8,green
COCTG,Cartagena,2020,10,0.4734,2.162,16.0,green
COCTG,Cartagena,2020,11,0.4985,2.424,17.8,green
COCTG,Cartagena,2020,12,0.4596,2.4,15.8,green
COCTG,Cartagena,2021,1,0.2791,1.544,5.5,green
COCTG,Cartagena,2021,2,0.3592,1.415,8.1,green
COCTG,Cartagena,2021,3,0.3654,1.581,9.3,green
COCTG,Cartagena,2021,4,0.3028,1.304,6.0,green
COCTG,Cartagena,2021,5,0.2791,1.298,5.3,green
COCTG,Cartagena,2021,6,0.3361,1.27,6.5,green
COCTG,Cartagena,2021,7,0.2878,1.294,3.8,green
COCTG,Cartagena,2021,8,0.2962,1.272,5.7,green
COCTG,Cartagena,2021,9,0.3977,1.257,9.3,green
COCTG,Cartagena,2021,10,0.3488,1.275,9.9,green
COCTG,Cartagena,2021,11,0.2922,1.271,8.4,green
COCTG,Cartagena,2021,12,0.2714,1.268,9.6,green
COCTG,Cartagena,2022,1,0.2587,1.297,11.1,green
COCTG,Cartagena,2022,2,0.3735,1.366,20.9,green
COCTG,Cartagena,2022,3,0.3824,1.362,24.7,green
COCTG,Cartagena,2022,4,0.289,1.265,14.8,green
COCTG,Cartagena,2022,5,0.2139,1.256,8.4,green
COCTG,Cartagena,2022,6,0.2193,1.242,7.5,green
COCTG,Cartagena,2022,7,0.2043,1.233,6.5,green
COCTG,Cartagena,2022,8,0.1946,1.154,6.8,green
COCTG,Cartagena,2022,9,0.1724,1.145,4.6,green
COCTG,Cartagena,2022,10,0.2139,1.142,7.2,green
COCTG,Cartagena,2022,11,0.2095,1.169,6.4,green
COCTG,Cartagena,2022,12,0.2224,1.194,7.4,green
COCTG,Cartagena,2023,1,0.2049,1.231,7.8,green
COCTG,Cartagena,2023,2,0.2219,1.204,9.6,green
COCTG,Cartagena,2023,3,0.2155,1.252,7.9,green
COCTG,Cartagena,2023,4,0.2228,1.235,7.7,green
COCTG,Cartagena,2023,5,0.2085,1.271,6.8,green
COCTG,Cartagena,2023,6,0.2222,1.225,6.9,green
COCTG,Cartagena,2023,7,0.2032,1.246,6.9,green
COCTG,Cartagena,2023,8,0.2105,1.196,6.5,green
COCTG,Cartagena,2023,9,0.1854,1.138,3.9,green
COCTG,Cartagena,2023,10,0.245,1.207,11.8,green
COCTG,Cartagena,2023,11,0.2134,1.185,9.7,green
COCTG,Cartagena,2023,12,0.2302,1.235,10.7,green
COCTG,Cartagena,2024,1,0.3939,1.919,21.4,green
COCTG,Cartagena,2024,2,0.392,2.101,21.4,green
COCTG,Cartagena,2024,3,0.395,1.711,19.9,green
COCTG,Cartagena,2024,4,0.393,1.869,21.3,green
COCTG,Cartagena,2024,5,0.4071,1.746,16.9,green
COCTG,Cartagena,2024,6,0.4607,1.643,17.9,green
COCTG,Cartagena,2024,7,0.4542,1.602,17.2,green
COCTG,Cartagena,2024,8,0.4014,1.539,16.9,green
COCTG,Cartagena,2024,9,0.3744,1.616,14.7,green
COCTG,Cartagena,2024,10,0.4331,1.936,19.3,green
COCTG,Cartagena,2024,11,0.4213,1.726,18.8,green
COCTG,Cartagena,2024,12,0.4459,1.915,21.5,green
PAONX,Colon,2020,1,0.5072,1.982,19.8,green
PAONX,Colon,2020,2,0.4338,2.371,15.2,green
PAONX,Colon,2020,3,0.3978,1.946,12.3,green
PAONX,Colon,2020,4,0.6572,2.492,24.6,green
PAONX,Colon,2020,5,0.5132,2.615,19.1,green
PAONX,Colon,2020,6,0.5036,2.568,18.7,green
PAONX,Colon,2020,7,0.5076,2.666,19.0,green
PAONX,Colon,2020,8,0.5395,2.404,19.2,green
PAONX,Colon,2020,9,0.4967,2.588,19.0,green
PAONX,Colon,2020,10,0.4695,2.327,16.5,green
PAONX,Colon,2020,11,0.4706,2.155,15.5,green
PAONX,Colon,2020,12,0.5026,2.234,16.9,green
PAONX,Colon,2021,1,0.5602,3.676,26.0,green
PAONX,Colon,2021,2,0.5603,3.121,23.5,green
PAONX,Colon,2021,3,0.5247,3.35,23.2,green
PAONX,Colon,2021,4,0.5265,2.894,21.9,green
PAONX,Colon,2021,5,0.5344,2.835,22.2,green
PAONX,Colon,2021,6,0.5358,3.215,22.9,green
PAONX,Colon,2021,7,0.5076,3.132,20.6,green
PAONX,Colon,2021,8,0.5376,2.884,22.3,green
PAONX,Colon,2021,9,0.5307,2.928,21.8,green
PAONX,Colon,2021,10,0.5749,3.079,26.6,green
PAONX,Colon,2021,11,0.5386,3.522,28.3,green
PAONX,Colon,2021,12,0.5373,3.898,31.5,green
PAONX,Colon,2022,1,0.5495,2.727,28.8,green
PAONX,Colon,2022,2,0.6375,5.06,46.4,amber
PAONX,Colon,2022,3,0.6347,3.979,45.7,amber
PAONX,Colon,2022,4,0.6211,3.341,37.2,amber
PAONX,Colon,2022,5,0.4751,2.702,24.8,green
PAONX,Colon,2022,6,0.5571,2.823,27.5,green
PAONX,Colon,2022,7,0.5527,2.675,27.8,green
PAONX,Colon,2022,8,0.5092,2.828,27.5,green
PAONX,Colon,2022,9,0.4883,3.019,25.3,green
PAONX,Colon,2022,10,0.4788,2.934,25.4,green
PAONX,Colon,2022,11,0.4807,2.761,25.4,green
PAONX,Colon,2022,12,0.4837,2.751,25.0,green
PAONX,Colon,2023,1,0.5007,2.83,26.4,green
PAONX,Colon,2023,2,0.4592,3.235,27.5,green
PAONX,Colon,2023,3,0.5171,2.97,27.4,green
PAONX,Colon,2023,4,0.5072,2.969,26.4,green
PAONX,Colon,2023,5,0.5021,2.81,25.3,green
PAONX,Colon,2023,6,0.4968,2.851,25.0,green
PAONX,Colon,2023,7,0.5092,3.214,27.4,green
PAONX,Colon,2023,8,0.5768,3.776,31.6,green
PAONX,Colon,2023,9,0.5558,3.721,30.1,green
PAONX,Colon,2023,10,0.5902,4.961,41.0,amber
PAONX,Colon,2023,11,0.5596,4.502,37.3,amber
PAONX,Colon,2023,12,0.6347,3.768,39.7,amber
PAONX,Colon,2024,1,0.6382,5.975,48.6,amber
PAONX,Colon,2024,2,0.6178,4.137,39.3,amber
PAONX,Colon,2024,3,0.6094,4.777,39.8,amber
PAONX,Colon,2024,4,0.6354,5.312,45.4,amber
PAONX,Colon,2024,5,0.6074,4.375,36.0,amber
PAONX,Colon,2024,6,0.6065,4.303,34.5,amber
PAONX,Colon,2024,7,0.6077,4.422,36.0,amber
PAONX,Colon,2024,8,0.5775,3.9,34.6,amber
PAONX,Colon,2024,9,0.5764,3.944,33.1,amber
PAONX,Colon,2024,10,0.5848,3.935,35.0,amber
PAONX,Colon,2024,11,0.6081,3.812,34.8,amber
PAONX,Colon,2024,12,0.6005,3.834,35.6,amber
CAVAN,Vancouver,2020,1,0.4878,2.915,22.9,green
CAVAN,Vancouver,2020,2,0.4749,2.994,19.5,green
CAVAN,Vancouver,2020,3,0.5522,2.224,19.8,green
CAVAN,Vancouver,2020,4,0.5439,3.624,24.7,green
CAVAN,Vancouver,2020,5,0.6149,4.115,29.6,green
CAVAN,Vancouver,2020,6,0.6408,3.755,29.3,green
CAVAN,Vancouver,2020,7,0.5938,4.469,30.1,green
CAVAN,Vancouver,2020,8,0.6063,4.016,28.7,green
CAVAN,Vancouver,2020,9,0.5604,4.069,27.8,green
CAVAN,Vancouver,2020,10,0.5208,3.707,24.4,green
CAVAN,Vancouver,2020,11,0.5647,3.685,25.8,green
CAVAN,Vancouver,2020,12,0.5825,3.668,26.2,green
CAVAN,Vancouver,2021,1,0.6614,5.528,37.9,amber
CAVAN,Vancouver,2021,2,0.6569,5.344,36.8,amber
CAVAN,Vancouver,2021,3,0.6835,6.114,41.3,amber
CAVAN,Vancouver,2021,4,0.6219,4.781,33.7,amber
CAVAN,Vancouver,2021,5,0.6244,4.798,34.1,amber
CAVAN,Vancouver,2021,6,0.6626,5.129,36.1,amber
CAVAN,Vancouver,2021,7,0.6327,4.594,31.8,green
CAVAN,Vancouver,2021,8,0.6097,4.611,32.5,green
CAVAN,Vancouver,2021,9,0.6464,4.49,33.1,amber
CAVAN,Vancouver,2021,10,0.6524,5.512,41.6,amber
CAVAN,Vancouver,2021,11,0.6164,5.266,38.4,amber
CAVAN,Vancouver,2021,12,0.6418,5.555,42.4,amber
CAVAN,Vancouver,2022,1,0.6048,3.859,36.0,amber
CAVAN,Vancouver,2022,2,0.6181,6.635,50.5,amber
CAVAN,Vancouver,2022,3,0.6735,5.992,53.7,amber
CAVAN,Vancouver,2022,4,0.6138,5.619,45.0,amber
CAVAN,Vancouver,2022,5,0.5922,3.939,34.3,amber
CAVAN,Vancouver,2022,6,0.5927,4.323,35.1,amber
CAVAN,Vancouver,2022,7,0.5952,4.318,34.3,amber
CAVAN,Vancouver,2022,8,0.5939,4.318,35.4,amber
CAVAN,Vancouver,2022,9,0.5919,3.918,34.0,amber
CAVAN,Vancouver,2022,10,0.5981,4.249,36.4,amber
CAVAN,Vancouver,2022,11,0.61,4.166,36.0,amber
CAVAN,Vancouver,2022,12,0.6072,4.342,35.7,amber
CAVAN,Vancouver,2023,1,0.5958,4.752,36.0,amber
CAVAN,Vancouver,2023,2,0.6015,3.949,34.5,amber
CAVAN,Vancouver,2023,3,0.625,4.51,35.7,amber
CAVAN,Vancouver,2023,4,0.5964,4.565,36.0,amber
CAVAN,Vancouver,2023,5,0.5978,4.402,34.0,amber
CAVAN,Vancouver,2023,6,0.5987,4.23,34.5,amber
CAVAN,Vancouver,2023,7,0.608,4.365,34.2,amber
CAVAN,Vancouver,2023,8,0.6042,4.793,37.2,amber
CAVAN,Vancouver,2023,9,0.5939,4.26,33.5,amber
CAVAN,Vancouver,2023,10,0.6225,7.396,51.9,amber
CAVAN,Vancouver,2023,11,0.6134,5.195,41.9,amber
CAVAN,Vancouver,2023,12,0.6154,4.198,36.6,amber
CAVAN,Vancouver,2024,1,0.62,5.4,42.4,amber
CAVAN,Vancouver,2024,2,0.6176,4.046,36.4,amber
CAVAN,Vancouver,2024,3,0.5995,3.584,33.3,amber
CAVAN,Vancouver,2024,4,0.5913,6.245,44.7,amber
CAVAN,Vancouver,2024,5,0.5913,3.877,33.8,amber
CAVAN,Vancouver,2024,6,0.5991,4.176,33.6,amber
CAVAN,Vancouver,2024,7,0.5979,4.396,33.3,amber
CAVAN,Vancouver,2024,8,0.5607,3.809,31.8,green
CAVAN,Vancouver,2024,9,0.5801,3.585,30.9,green
CAVAN,Vancouver,2024,10,0.5696,3.883,32.8,green
CAVAN,Vancouver,2024,11,0.5961,3.873,34.4,amber
CAVAN,Vancouver,2024,12,0.6013,3.741,35.6,amber
USSEA,Seattle,2020,1,0.4791,2.948,22.7,green
USSEA,Seattle,2020,2,0.5048,3.321,22.1,green
USSEA,Seattle,2020,3,0.4988,2.763,19.8,green
USSEA,Seattle,2020,4,0.569,3.551,25.4,green
USSEA,Seattle,2020,5,0.5799,3.803,26.9,green
USSEA,Seattle,2020,6,0.5926,4.342,29.8,green
USSEA,Seattle,2020,7,0.6236,3.698,28.1,green
USSEA,Seattle,2020,8,0.6082,4.047,28.9,green
USSEA,Seattle,2020,9,0.5954,4.324,30.3,green
USSEA,Seattle,2020,10,0.5684,4.122,28.1,green
USSEA,Seattle,2020,11,0.5841,4.001,27.9,green
USSEA,Seattle,2020,12,0.5822,4.046,27.7,green
USSEA,Seattle,2021,1,0.6566,5.486,37.5,amber
USSEA,Seattle,2021,2,0.6637,5.49,37.6,amber
USSEA,Seattle,2021,3,0.6908,6.858,44.7,amber
USSEA,Seattle,2021,4,0.6298,5.287,36.1,amber
USSEA,Seattle,2021,5,0.632,4.775,34.3,amber
USSEA,Seattle,2021,6,0.6557,5.463,37.2,amber
USSEA,Seattle,2021,7,0.65,4.929,33.9,amber
USSEA,Seattle,2021,8,0.6106,4.622,32.6,green
USSEA,Seattle,2021,9,0.6563,4.717,34.4,amber
USSEA,Seattle,2021,10,0.6581,5.357,38.9,amber
USSEA,Seattle,2021,11,0.6224,5.263,37.6,amber
USSEA,Seattle,2021,12,0.6618,5.747,42.5,amber
USSEA,Seattle,2022,1,0.6144,3.56,32.4,green
USSEA,Seattle,2022,2,0.6659,7.509,54.8,amber
USSEA,Seattle,2022,3,0.6975,8.024,62.3,amber
USSEA,Seattle,2022,4,0.6567,6.268,48.3,amber
USSEA,Seattle,2022,5,0.6241,4.489,37.1,amber
USSEA,Seattle,2022,6,0.6344,4.203,34.9,amber
USSEA,Seattle,2022,7,0.6061,4.433,33.6,amber
USSEA,Seattle,2022,8,0.598,4.158,33.1,amber
USSEA,Seattle,2022,9,0.6005,3.861,32.3,green
USSEA,Seattle,2022,10,0.613,4.086,34.8,amber
USSEA,Seattle,2022,11,0.6077,4.238,33.9,amber
USSEA,Seattle,2022,12,0.6052,4.247,33.3,amber
USSEA,Seattle,2023,1,0.6145,3.958,31.8,green
USSEA,Seattle,2023,2,0.6151,4.091,33.8,amber
USSEA,Seattle,2023,3,0.7421,5.702,44.7,amber
USSEA,Seattle,2023,4,0.6406,4.839,36.9,amber
USSEA,Seattle,2023,5,0.6391,4.735,36.1,amber
USSEA,Seattle,2023,6,0.614,4.288,33.5,amber
USSEA,Seattle,2023,7,0.6063,4.603,33.8,amber
USSEA,Seattle,2023,8,0.6075,4.362,32.9,green
USSEA,Seattle,2023,9,0.5987,3.976,31.0,green
USSEA,Seattle,2023,10,0.6324,6.214,46.8,amber
USSEA,Seattle,2023,11,0.6191,5.313,41.1,amber
USSEA,Seattle,2023,12,0.6467,4.302,37.4,amber
USSEA,Seattle,2024,1,0.6296,5.413,42.3,amber
USSEA,Seattle,2024,2,0.6186,3.932,34.8,amber
USSEA,Seattle,2024,3,0.614,3.731,32.5,green
USSEA,Seattle,2024,4,0.6074,5.585,41.5,amber
USSEA,Seattle,2024,5,0.5838,4.359,33.8,amber
USSEA,Seattle,2024,6,0.6095,4.276,34.0,amber
USSEA,Seattle,2024,7,0.6058,4.543,33.0,green
USSEA,Seattle,2024,8,0.6037,4.082,33.5,amber
USSEA,Seattle,2024,9,0.6185,3.874,32.7,green
USSEA,Seattle,2024,10,0.5919,4.142,33.5,amber
USSEA,Seattle,2024,11,0.6263,4.15,34.7,amber
USSEA,Seattle,2024,12,0.5752,4.134,33.7,amber
USBAL,Baltimore,2020,1,0.4756,2.203,19.5,green
USBAL,Baltimore,2020,2,0.3595,2.176,11.4,green
USBAL,Baltimore,2020,3,0.3969,2.221,13.4,green
USBAL,Baltimore,2020,4,0.4298,2.125,13.7,green
USBAL,Baltimore,2020,5,0.6222,2.116,21.5,green
USBAL,Baltimore,2020,6,0.407,2.658,15.1,green
USBAL,Baltimore,2020,7,0.6291,2.114,21.7,green
USBAL,Baltimore,2020,8,0.5015,2.625,18.5,green
USBAL,Baltimore,2020,9,0.4986,2.437,18.4,green
USBAL,Baltimore,2020,10,0.429,2.775,16.7,green
USBAL,Baltimore,2020,11,0.4372,2.697,16.4,green
USBAL,Baltimore,2020,12,0.4211,2.824,16.0,green
USBAL,Baltimore,2021,1,0.5726,3.225,24.6,green
USBAL,Baltimore,2021,2,0.5269,3.643,24.3,green
USBAL,Baltimore,2021,3,0.5665,3.643,26.2,green
USBAL,Baltimore,2021,4,0.5476,3.254,24.2,green
USBAL,Baltimore,2021,5,0.5563,2.946,23.5,green
USBAL,Baltimore,2021,6,0.5164,3.273,22.3,green
USBAL,Baltimore,2021,7,0.4967,3.073,19.9,green
USBAL,Baltimore,2021,8,0.5507,2.886,22.9,green
USBAL,Baltimore,2021,9,0.5612,3.379,24.9,green
USBAL,Baltimore,2021,10,0.5362,3.36,23.7,green
USBAL,Baltimore,2021,11,0.5327,3.32,23.8,green
USBAL,Baltimore,2021,12,0.5676,3.305,26.1,green
USBAL,Baltimore,2022,1,0.5921,3.817,31.0,green
USBAL,Baltimore,2022,2,0.6709,6.093,47.8,amber
USBAL,Baltimore,2022,3,0.7036,6.686,55.9,amber
USBAL,Baltimore,2022,4,0.6021,6.507,45.4,amber
USBAL,Baltimore,2022,5,0.6137,4.116,33.3,amber
USBAL,Baltimore,2022,6,0.5649,4.017,30.3,green
USBAL,Baltimore,2022,7,0.589,4.01,30.6,green
USBAL,Baltimore,2022,8,0.5917,4.263,32.6,green
USBAL,Baltimore,2022,9,0.5838,3.886,30.6,green
USBAL,Baltimore,2022,10,0.6253,4.078,33.7,amber
USBAL,Baltimore,2022,11,0.6176,4.245,32.7,green
USBAL,Baltimore,2022,12,0.6327,4.192,32.8,green
USBAL,Baltimore,2023,1,0.5579,3.023,24.5,green
USBAL,Baltimore,2023,2,0.4812,2.693,20.8,green
USBAL,Baltimore,2023,3,0.4998,2.664,20.7,green
USBAL,Baltimore,2023,4,0.5204,2.654,21.6,green
USBAL,Baltimore,2023,5,0.5093,2.862,22.1,green
USBAL,Baltimore,2023,6,0.4807,2.728,20.4,green
USBAL,Baltimore,2023,7,0.4711,2.785,20.1,green
USBAL,Baltimore,2023,8,0.5571,2.541,22.3,green
USBAL,Baltimore,2023,9,0.5207,2.479,20.4,green
USBAL,Baltimore,2023,10,0.5351,2.784,27.4,green
USBAL,Baltimore,2023,11,0.5094,3.524,27.3,green
USBAL,Baltimore,2023,12,0.4872,3.005,23.5,green
USBAL,Baltimore,2024,1,0.5239,3.223,26.8,green
USBAL,Baltimore,2024,2,0.5309,2.984,25.4,green
USBAL,Baltimore,2024,3,0.5088,3.094,24.3,green
USBAL,Baltimore,2024,4,0.5702,3.651,30.7,green
USBAL,Baltimore,2024,5,0.5193,2.985,24.1,green
USBAL,Baltimore,2024,6,0.5377,3.263,25.1,green
USBAL,Baltimore,2024,7,0.5539,3.542,25.9,green
USBAL,Baltimore,2024,8,0.5158,3.03,24.7,green
USBAL,Baltimore,2024,9,0.5216,2.978,24.2,green
USBAL,Baltimore,2024,10,0.5211,2.968,24.1,green
USBAL,Baltimore,2024,11,0.5184,3.251,25.1,green
USBAL,Baltimore,2024,12,0.4999,3.062,24.2,green
USCHS,Charleston,2020,1,0.2799,1.522,8.6,green
USCHS,Charleston,2020,2,0.2565,1.249,3.3,green
USCHS,Charleston,2020,3,0.2518,1.262,3.4,green
USCHS,Charleston,2020,4,0.3887,1.276,8.5,green
USCHS,Charleston,2020,5,0.3738,1.294,7.9,green
USCHS,Charleston,2020,6,0.3717,1.284,7.9,green
USCHS,Charleston,2020,7,0.3731,1.283,7.7,green
USCHS,Charleston,2020,8,0.3358,1.304,6.2,green
USCHS,Charleston,2020,9,0.3785,1.336,8.9,green
USCHS,Charleston,2020,10,0.2629,1.307,3.8,green
USCHS,Charleston,2020,11,0.3349,1.304,6.4,green
USCHS,Charleston,2020,12,0.2363,1.272,1.9,green
USCHS,Charleston,2021,1,0.6082,3.244,26.1,green
USCHS,Charleston,2021,2,0.6305,3.298,27.1,green
USCHS,Charleston,2021,3,0.5471,3.705,25.6,green
USCHS,Charleston,2021,4,0.5368,2.844,22.1,green
USCHS,Charleston,2021,5,0.5355,2.848,22.3,green
USCHS,Charleston,2021,6,0.5674,3.727,26.3,green
USCHS,Charleston,2021,7,0.5711,3.631,25.3,green
USCHS,Charleston,2021,8,0.5479,3.109,23.7,green
USCHS,Charleston,2021,9,0.54,3.643,25.2,green
USCHS,Charleston,2021,10,0.5169,3.426,26.5,green
USCHS,Charleston,2021,11,0.5828,3.629,31.0,green
USCHS,Charleston,2021,12,0.5598,3.336,28.9,green
USCHS,Charleston,2022,1,0.5842,4.084,36.8,amber
USCHS,Charleston,2022,2,0.6471,6.158,50.7,amber
USCHS,Charleston,2022,3,0.6601,7.44,61.3,amber
USCHS,Charleston,2022,4,0.6083,5.33,44.7,amber
USCHS,Charleston,2022,5,0.5945,4.37,36.4,amber
USCHS,Charleston,2022,6,0.5937,4.365,35.8,amber
USCHS,Charleston,2022,7,0.6052,4.664,40.6,amber
USCHS,Charleston,2022,8,0.5957,4.214,34.3,amber
USCHS,Charleston,2022,9,0.6108,4.461,39.9,amber
USCHS,Charleston,2022,10,0.6032,4.366,37.2,amber
USCHS,Charleston,2022,11,0.6275,4.564,40.6,amber
USCHS,Charleston,2022,12,0.6152,4.249,36.1,amber
USCHS,Charleston,2023,1,0.4802,1.904,19.7,green
USCHS,Charleston,2023,2,0.4221,1.872,19.8,green
USCHS,Charleston,2023,3,0.4141,1.483,15.5,green
USCHS,Charleston,2023,4,0.4505,1.949,20.0,green
USCHS,Charleston,2023,5,0.3599,1.736,16.1,green
USCHS,Charleston,2023,6,0.3781,1.582,14.4,green
USCHS,Charleston,2023,7,0.4049,1.556,14.4,green
USCHS,Charleston,2023,8,0.4472,1.534,18.9,green
USCHS,Charleston,2023,9,0.4002,1.575,14.8,green
USCHS,Charleston,2023,10,0.4283,1.883,23.8,green
USCHS,Charleston,2023,11,0.3843,1.626,18.0,green
USCHS,Charleston,2023,12,0.4129,2.032,22.1,green
USCHS,Charleston,2024,1,0.5465,4.745,39.3,amber
USCHS,Charleston,2024,2,0.5783,4.449,37.6,amber
USCHS,Charleston,2024,3,0.5779,4.309,37.4,amber
USCHS,Charleston,2024,4,0.6038,5.67,45.0,amber
USCHS,Charleston,2024,5,0.6255,4.515,38.0,amber
USCHS,Charleston,2024,6,0.6151,4.351,35.9,amber
USCHS,Charleston,2024,7,0.6125,4.673,36.2,amber
USCHS,Charleston,2024,8,0.6089,4.054,37.9,amber
USCHS,Charleston,2024,9,0.5938,4.028,37.0,amber
USCHS,Charleston,2024,10,0.5946,4.198,36.0,amber
USCHS,Charleston,2024,11,0.6033,4.182,36.1,amber
USCHS,Charleston,2024,12,0.5864,4.04,35.9,amber
USNFK,Norfolk,2020,1,0.4731,1.632,17.0,green
USNFK,Norfolk,2020,2,0.3547,1.653,9.0,green
USNFK,Norfolk,2020,3,0.4198,1.691,12.1,green
USNFK,Norfolk,2020,4,0.4991,2.219,16.9,green
USNFK,Norfolk,2020,5,0.5275,2.114,17.6,green
USNFK,Norfolk,2020,6,0.5427,2.359,19.4,green
USNFK,Norfolk,2020,7,0.5245,2.104,17.4,green
USNFK,Norfolk,2020,8,0.5445,2.088,18.1,green
USNFK,Norfolk,2020,9,0.5222,2.066,17.8,green
USNFK,Norfolk,2020,10,0.4711,2.049,15.4,green
USNFK,Norfolk,2020,11,0.4777,2.169,15.9,green
USNFK,Norfolk,2020,12,0.4799,1.977,14.9,green
USNFK,Norfolk,2021,1,0.557,3.606,25.5,green
USNFK,Norfolk,2021,2,0.5661,3.819,26.6,green
USNFK,Norfolk,2021,3,0.5848,4.111,28.9,green
USNFK,Norfolk,2021,4,0.5321,4.162,27.4,green
USNFK,Norfolk,2021,5,0.5618,3.866,27.6,green
USNFK,Norfolk,2021,6,0.5527,4.395,28.5,green
USNFK,Norfolk,2021,7,0.5404,3.047,21.5,green
USNFK,Norfolk,2021,8,0.5528,3.655,26.2,green
USNFK,Norfolk,2021,9,0.5778,3.412,25.8,green
USNFK,Norfolk,2021,10,0.5584,3.719,27.6,green
USNFK,Norfolk,2021,11,0.5496,3.615,27.6,green
USNFK,Norfolk,2021,12,0.5599,3.527,28.3,green
USNFK,Norfolk,2022,1,0.6068,3.985,34.7,amber
USNFK,Norfolk,2022,2,0.6788,6.232,50.2,amber
USNFK,Norfolk,2022,3,0.6724,7.164,58.8,amber
USNFK,Norfolk,2022,4,0.6205,6.223,46.9,amber
USNFK,Norfolk,2022,5,0.5911,4.225,34.9,amber
USNFK,Norfolk,2022,6,0.5843,4.139,32.7,green
USNFK,Norfolk,2022,7,0.6012,4.481,34.2,amber
USNFK,Norfolk,2022,8,0.5973,4.394,34.2,amber
USNFK,Norfolk,2022,9,0.5991,4.365,36.4,amber
USNFK,Norfolk,2022,10,0.6021,4.048,35.8,amber
USNFK,Norfolk,2022,11,0.6001,4.313,33.8,amber
USNFK,Norfolk,2022,12,0.5981,4.13,33.4,amber
USNFK,Norfolk,2023,1,0.5338,2.773,24.1,green
USNFK,Norfolk,2023,2,0.4853,2.765,23.1,green
USNFK,Norfolk,2023,3,0.4761,2.906,22.4,green
USNFK,Norfolk,2023,4,0.5043,2.699,22.7,green
USNFK,Norfolk,2023,5,0.5027,2.779,23.3,green
USNFK,Norfolk,2023,6,0.4991,2.56,22.8,green
USNFK,Norfolk,2023,7,0.492,2.682,21.5,green
USNFK,Norfolk,2023,8,0.5355,2.643,24.2,green
USNFK,Norfolk,2023,9,0.4982,2.5,23.3,green
USNFK,Norfolk,2023,10,0.5404,3.317,31.1,green
USNFK,Norfolk,2023,11,0.4672,2.829,24.2,green
USNFK,Norfolk,2023,12,0.4682,2.608,22.6,green
USNFK,Norfolk,2024,1,0.5369,3.859,32.2,green
USNFK,Norfolk,2024,2,0.5047,3.001,25.9,green
USNFK,Norfolk,2024,3,0.5025,2.995,25.5,green
USNFK,Norfolk,2024,4,0.5343,3.523,30.1,green
USNFK,Norfolk,2024,5,0.53,3.357,27.4,green
USNFK,Norfolk,2024,6,0.5057,3.132,24.1,green
USNFK,Norfolk,2024,7,0.5661,3.463,27.4,green
USNFK,Norfolk,2024,8,0.5093,2.912,25.2,green
USNFK,Norfolk,2024,9,0.5176,2.791,24.8,green
USNFK,Norfolk,2024,10,0.4941,3.116,24.9,green
USNFK,Norfolk,2024,11,0.5078,3.089,25.1,green
USNFK,Norfolk,2024,12,0.5317,3.59,28.9,green
MXLZC,Lazaro Cardenas,2020,1,0.3025,1.465,9.3,green
MXLZC,Lazaro Cardenas,2020,2,0.2404,1.273,2.7,green
MXLZC,Lazaro Cardenas,2020,3,0.2696,1.285,4.2,green
MXLZC,Lazaro Cardenas,2020,4,0.4266,1.298,10.1,green
MXLZC,Lazaro Cardenas,2020,5,0.3656,1.342,7.7,green
MXLZC,Lazaro Cardenas,2020,6,0.3663,1.332,7.9,green
MXLZC,Lazaro Cardenas,2020,7,0.3968,1.327,8.9,green
MXLZC,Lazaro Cardenas,2020,8,0.2952,1.3,4.5,green
MXLZC,Lazaro Cardenas,2020,9,0.3454,1.32,7.4,green
MXLZC,Lazaro Cardenas,2020,10,0.3108,1.264,5.6,green
MXLZC,Lazaro Cardenas,2020,11,0.2789,1.264,3.9,green
MXLZC,Lazaro Cardenas,2020,12,0.3211,1.279,5.4,green
MXLZC,Lazaro Cardenas,2021,1,0.4193,3.238,18.4,green
MXLZC,Lazaro Cardenas,2021,2,0.4393,3.463,19.9,green
MXLZC,Lazaro Cardenas,2021,3,0.4659,3.667,22.1,green
MXLZC,Lazaro Cardenas,2021,4,0.4983,3.033,21.3,green
MXLZC,Lazaro Cardenas,2021,5,0.4994,2.883,20.9,green
MXLZC,Lazaro Cardenas,2021,6,0.4333,3.685,20.6,green
MXLZC,Lazaro Cardenas,2021,7,0.4366,3.517,19.3,green
MXLZC,Lazaro Cardenas,2021,8,0.5102,2.68,20.4,green
MXLZC,Lazaro Cardenas,2021,9,0.4887,2.607,18.7,green
MXLZC,Lazaro Cardenas,2021,10,0.5525,3.298,31.3,green
MXLZC,Lazaro Cardenas,2021,11,0.5848,4.008,33.5,amber
MXLZC,Lazaro Cardenas,2021,12,0.5178,3.418,28.0,green
MXLZC,Lazaro Cardenas,2022,1,0.4539,1.903,20.6,green
MXLZC,Lazaro Cardenas,2022,2,0.5514,2.428,30.9,green
MXLZC,Lazaro Cardenas,2022,3,0.4589,2.6,32.4,green
MXLZC,Lazaro Cardenas,2022,4,0.4024,1.923,22.4,green
MXLZC,Lazaro Cardenas,2022,5,0.4366,1.83,21.7,green
MXLZC,Lazaro Cardenas,2022,6,0.4329,2.112,25.9,green
MXLZC,Lazaro Cardenas,2022,7,0.4048,1.837,21.1,green
MXLZC,Lazaro Cardenas,2022,8,0.4427,1.639,20.6,green
MXLZC,Lazaro Cardenas,2022,9,0.4224,2.163,27.0,green
MXLZC,Lazaro Cardenas,2022,10,0.3943,2.951,26.4,green
MXLZC,Lazaro Cardenas,2022,11,0.4449,1.999,20.6,green
MXLZC,Lazaro Cardenas,2022,12,0.4001,1.915,17.4,green
MXLZC,Lazaro Cardenas,2023,1,0.4056,2.563,21.0,green
MXLZC,Lazaro Cardenas,2023,2,0.4009,2.05,19.0,green
MXLZC,Lazaro Cardenas,2023,3,0.504,2.412,23.5,green
MXLZC,Lazaro Cardenas,2023,4,0.4785,1.982,21.0,green
MXLZC,Lazaro Cardenas,2023,5,0.5373,1.852,24.7,green
MXLZC,Lazaro Cardenas,2023,6,0.4609,2.473,27.2,green
MXLZC,Lazaro Cardenas,2023,7,0.4946,1.951,23.8,green
MXLZC,Lazaro Cardenas,2023,8,0.5131,2.572,29.9,green
MXLZC,Lazaro Cardenas,2023,9,0.4583,2.161,22.5,green
MXLZC,Lazaro Cardenas,2023,10,0.5909,3.226,41.0,amber
MXLZC,Lazaro Cardenas,2023,11,0.6033,2.684,32.1,green
MXLZC,Lazaro Cardenas,2023,12,0.5812,2.143,27.5,green
MXLZC,Lazaro Cardenas,2024,1,0.6033,6.163,46.6,amber
MXLZC,Lazaro Cardenas,2024,2,0.6257,4.143,38.8,amber
MXLZC,Lazaro Cardenas,2024,3,0.6041,4.262,36.9,amber
MXLZC,Lazaro Cardenas,2024,4,0.6324,6.049,48.1,amber
MXLZC,Lazaro Cardenas,2024,5,0.6269,4.26,38.8,amber
MXLZC,Lazaro Cardenas,2024,6,0.5996,4.07,37.5,amber
MXLZC,Lazaro Cardenas,2024,7,0.6257,4.743,39.1,amber
MXLZC,Lazaro Cardenas,2024,8,0.6194,3.937,39.0,amber
MXLZC,Lazaro Cardenas,2024,9,0.6239,4.461,44.8,amber
MXLZC,Lazaro Cardenas,2024,10,0.5871,4.087,36.7,amber
MXLZC,Lazaro Cardenas,2024,11,0.6222,3.996,37.8,amber
MXLZC,Lazaro Cardenas,2024,12,0.6157,4.383,38.7,amber
